{"stats":{"minecraft:used":{"minecraft:stone_pickaxe":131,"minecraft:oak_planks":14,"minecraft:chest":1,"minecraft:wooden_pickaxe":42,"minecraft:iron_chestplate":1,"minecraft:oak_door":6,"minecraft:torch":42,"minecraft:dirt":2,"minecraft:crafting_table":7,"minecraft:blast_furnace":1,"minecraft:smoker":1,"minecraft:wooden_axe":89,"minecraft:apple":5,"minecraft:string":1,"minecraft:iron_pickaxe":511,"minecraft:stone_axe":68,"minecraft:cobblestone":120,"minecraft:oak_sapling":5,"minecraft:furnace":3,"minecraft:cooked_porkchop":7},"minecraft:picked_up":{"minecraft:wooden_axe":1,"minecraft:birch_log":6,"minecraft:crafting_table":7,"minecraft:glow_ink_sac":3,"minecraft:andesite":41,"minecraft:brown_bed":1,"alexscaves:cave_book":1,"alexscaves:cave_tablet":8,"minecraft:wooden_pickaxe":1,"minecraft:smoker":1,"minecraft:tuff":2,"create:raw_zinc":14,"minecraft:oak_log":93,"minecraft:gunpowder":14,"minecraft:paper":16,"minecraft:lapis_lazuli":32,"minecraft:string":4,"minecraft:dirt":2,"minecraft:raw_copper":176,"minecraft:bone":8,"minecraft:apple":5,"graveyard:corruption":1,"minecraft:cobbled_deepslate":1,"minecraft:raw_gold":24,"minecraft:iron_ingot":9,"dynamictrees:birch_seed":4,"dynamictrees:oak_seed":5,"minecraft:sugar_cane":12,"minecraft:chest":1,"minecraft:furnace":3,"minecraft:stick":55,"minecraft:raw_iron":217,"minecraft:oak_door":5,"minecraft:copper_ingot":48,"minecraft:torch":8,"minecraft:raw_iron_block":2,"minecraft:porkchop":11,"minecraft:blast_furnace":1,"biomeswevegone:tall_allium":2,"minecraft:redstone":12,"alexsmobs:animal_dictionary":1,"minecraft:arrow":6,"minecraft:rotten_flesh":7,"biomeswevegone:florus_stem":10,"alexscaves:spelunkery_table":1,"minecraft:oak_sapling":31,"minecraft:coal":152,"minecraft:cobblestone":191},"minecraft:killed":{"minecraft:pig":6,"graveyard:ghoul":1,"minecraft:spider":3,"minecraft:creeper":4,"minecraft:skeleton":8,"minecraft:zombie":7},"minecraft:crafted":{"minecraft:oak_door":3,"minecraft:smooth_stone":11,"minecraft:oak_planks":60,"minecraft:cooked_porkchop":11,"minecraft:crafting_table":1,"minecraft:wooden_pickaxe":1,"minecraft:furnace":3,"minecraft:blast_furnace":1,"minecraft:stone":11,"minecraft:stone_axe":1,"minecraft:air":0,"minecraft:iron_chestplate":1,"minecraft:stick":8,"minecraft:iron_ingot":27,"minecraft:iron_pickaxe":3,"minecraft:stone_pickaxe":1,"minecraft:wooden_axe":2,"minecraft:chest":1,"minecraft:torch":40,"minecraft:raw_iron_block":14,"minecraft:smoker":1},"minecraft:custom":{"minecraft:interact_with_furnace":24,"minecraft:mob_kills":30,"minecraft:interact_with_crafting_table":19,"minecraft:open_barrel":4,"minecraft:interact_with_loom":1,"minecraft:time_since_death":74711,"minecraft:climb_one_cm":756,"minecraft:time_since_rest":74711,"minecraft:sprint_one_cm":85884,"minecraft:damage_taken":707,"minecraft:walk_one_cm":255854,"minecraft:drop":26,"minecraft:damage_dealt":5362,"minecraft:swim_one_cm":16176,"minecraft:fly_one_cm":55457,"minecraft:open_chest":15,"minecraft:crouch_one_cm":8993,"minecraft:play_time":74711,"minecraft:sneak_time":2652,"minecraft:walk_under_water_one_cm":8117,"minecraft:jump":851,"minecraft:interact_with_blast_furnace":4,"minecraft:walk_on_water_one_cm":10037,"minecraft:interact_with_smoker":4,"minecraft:total_world_time":74711,"minecraft:fall_one_cm":15377},"minecraft:dropped":{"biomeswevegone:tall_allium":1,"dynamictrees:oak_seed":5,"minecraft:cobbled_deepslate":1,"alexsmobs:animal_dictionary":1,"dynamictrees:birch_seed":2,"minecraft:glow_ink_sac":3,"minecraft:tuff":2,"minecraft:rotten_flesh":4,"minecraft:copper_ingot":8,"graveyard:corruption":1,"minecraft:wooden_axe":1,"minecraft:chest":1,"minecraft:oak_sapling":13,"minecraft:arrow":6,"minecraft:wooden_pickaxe":2,"minecraft:string":2},"minecraft:broken":{"minecraft:stone_pickaxe":1,"minecraft:iron_pickaxe":2,"minecraft:wooden_axe":1},"minecraft:mined":{"alexscaves:spelunkery_table":1,"create:deepslate_zinc_ore":7,"minecraft:tuff":49,"minecraft:oak_door":5,"minecraft:smoker":1,"minecraft:crafting_table":7,"minecraft:torch":3,"minecraft:blast_furnace":1,"minecraft:grass_block":1,"minecraft:chest":1,"minecraft:cobblestone":21,"minecraft:copper_ore":32,"minecraft:deepslate_gold_ore":24,"minecraft:lapis_ore":1,"minecraft:sugar_cane":3,"minecraft:wall_torch":4,"biomeswevegone:florus_stem":5,"minecraft:raw_iron_block":2,"minecraft:redstone_ore":3,"minecraft:furnace":3,"minecraft:iron_ore":146,"minecraft:birch_leaves":1,"minecraft:andesite":41,"biomeswevegone:tall_allium":1,"minecraft:brown_bed":1,"minecraft:deepslate_lapis_ore":5,"minecraft:grass":4,"minecraft:oak_log":62,"minecraft:coal_ore":89,"minecraft:deepslate_iron_ore":69,"minecraft:dirt":1,"minecraft:stone":156,"minecraft:oak_leaves":4,"minecraft:deepslate":23,"minecraft:tripwire":1,"create:zinc_ore":7}},"DataVersion":3465}