{"stats":{"minecraft:used":{"minecraft:stone_pickaxe":131,"minecraft:chest":1,"minecraft:wooden_pickaxe":39,"minecraft:iron_chestplate":1,"minecraft:oak_door":6,"minecraft:torch":33,"minecraft:dirt":2,"minecraft:crafting_table":4,"minecraft:blast_furnace":1,"minecraft:smoker":1,"minecraft:wooden_axe":89,"minecraft:apple":5,"minecraft:iron_pickaxe":143,"minecraft:stone_axe":17,"minecraft:cobblestone":7,"minecraft:oak_sapling":5,"minecraft:furnace":3,"minecraft:cooked_porkchop":1},"minecraft:picked_up":{"minecraft:birch_log":6,"minecraft:crafting_table":3,"minecraft:glow_ink_sac":3,"minecraft:andesite":41,"minecraft:oak_log":92,"minecraft:gunpowder":6,"minecraft:lapis_lazuli":4,"minecraft:string":1,"minecraft:dirt":2,"minecraft:raw_copper":112,"minecraft:apple":5,"graveyard:corruption":1,"minecraft:iron_ingot":1,"dynamictrees:birch_seed":2,"dynamictrees:oak_seed":5,"minecraft:sugar_cane":6,"minecraft:furnace":2,"minecraft:stick":55,"minecraft:raw_iron":63,"minecraft:oak_door":5,"minecraft:torch":2,"minecraft:porkchop":11,"biomeswevegone:tall_allium":1,"minecraft:redstone":12,"minecraft:rotten_flesh":3,"biomeswevegone:florus_stem":5,"minecraft:oak_sapling":18,"minecraft:coal":99,"minecraft:cobblestone":99},"minecraft:killed":{"minecraft:pig":6,"graveyard:ghoul":1,"minecraft:creeper":3,"minecraft:skeleton":1,"minecraft:zombie":3},"minecraft:crafted":{"minecraft:oak_door":3,"minecraft:smooth_stone":11,"minecraft:oak_planks":48,"minecraft:cooked_porkchop":11,"minecraft:crafting_table":1,"minecraft:wooden_pickaxe":1,"minecraft:furnace":3,"minecraft:blast_furnace":1,"minecraft:stone":11,"minecraft:stone_axe":1,"minecraft:air":0,"minecraft:iron_chestplate":1,"minecraft:stick":8,"minecraft:iron_ingot":27,"minecraft:iron_pickaxe":1,"minecraft:stone_pickaxe":1,"minecraft:wooden_axe":2,"minecraft:chest":1,"minecraft:torch":40,"minecraft:smoker":1},"minecraft:custom":{"minecraft:interact_with_furnace":24,"minecraft:mob_kills":14,"minecraft:interact_with_crafting_table":16,"minecraft:time_since_death":38711,"minecraft:time_since_rest":38711,"minecraft:sprint_one_cm":41524,"minecraft:damage_taken":110,"minecraft:walk_one_cm":134368,"minecraft:damage_dealt":2280,"minecraft:swim_one_cm":16176,"minecraft:fly_one_cm":22417,"minecraft:open_chest":9,"minecraft:crouch_one_cm":874,"minecraft:play_time":38711,"minecraft:sneak_time":365,"minecraft:walk_under_water_one_cm":8117,"minecraft:jump":396,"minecraft:interact_with_blast_furnace":4,"minecraft:walk_on_water_one_cm":9061,"minecraft:interact_with_smoker":4,"minecraft:total_world_time":38711,"minecraft:fall_one_cm":5252},"minecraft:broken":{"minecraft:stone_pickaxe":1,"minecraft:wooden_axe":1},"minecraft:mined":{"minecraft:oak_door":5,"minecraft:crafting_table":3,"minecraft:torch":1,"minecraft:grass_block":1,"minecraft:copper_ore":32,"minecraft:lapis_ore":1,"minecraft:sugar_cane":3,"biomeswevegone:florus_stem":5,"minecraft:redstone_ore":3,"minecraft:furnace":2,"minecraft:iron_ore":62,"minecraft:birch_leaves":1,"minecraft:andesite":41,"biomeswevegone:tall_allium":1,"minecraft:grass":4,"minecraft:oak_log":61,"minecraft:coal_ore":71,"minecraft:dirt":1,"minecraft:stone":98,"minecraft:oak_leaves":4}},"DataVersion":3465}