{"stats":{"minecraft:picked_up":{"minecraft:crafting_table":7,"minecraft:wooden_pickaxe":1,"alexscaves:cave_tablet":93,"biomesoplenty:jacaranda_sapling":1,"minecraft:string":7,"minecraft:raw_copper":75,"minecraft:iron_axe":2,"minecraft:diamond_leggings":1,"minecraft:cobbled_deepslate":16,"minecraft:comparator":2,"minecraft:beef":14,"minecraft:melon_slice":32,"minecraft:chest":3,"minecraft:diamond_hoe":1,"minecraft:furnace":7,"minecraft:raw_iron":210,"minecraft:stick":8,"minecraft:stone":6,"alexscaves:cycad":6,"minecraft:copper_ingot":12,"minecraft:torch":19,"minecraft:acacia_log":16,"sophisticatedbackpacks:backpack":2,"minecraft:porkchop":10,"minecraft:diorite":3,"minecraft:redstone":32,"minecraft:dark_oak_planks":1,"minecraft:arrow":16,"minecraft:rotten_flesh":38,"minecraft:light_blue_wool":2,"biomesoplenty:jacaranda_log":49,"create:ochrum":37,"alexscaves:spelunkery_table":2,"create:asurine":53,"minecraft:mutton":6,"minecraft:white_wool":4,"minecraft:cobblestone":1169,"biomesoplenty:lavender":20,"minecraft:feather":1,"minecraft:repeater":10,"minecraft:andesite":7,"minecraft:leather":8,"minecraft:tuff":909,"create:raw_zinc":46,"minecraft:oak_log":65,"minecraft:gunpowder":10,"minecraft:lapis_lazuli":74,"minecraft:dirt":42,"minecraft:cooked_mutton":13,"minecraft:bone":17,"minecraft:acacia_planks":10,"minecraft:apple":1,"minecraft:bow":1,"minecraft:wheat_seeds":8,"minecraft:raw_gold":16,"minecraft:iron_ingot":68,"alexscaves:curly_fern":1,"minecraft:oak_planks":5,"minecraft:acacia_sapling":2,"minecraft:book":111,"minecraft:raw_iron_block":1,"minecraft:gravel":7,"dynamictrees:acacia_seed":2,"minecraft:white_bed":1,"minecraft:diamond":4,"minecraft:stone_axe":1,"minecraft:granite":73,"minecraft:emerald":5,"minecraft:coal":293,"minecraft:oak_leaves":32},"minecraft:dropped":{"minecraft:iron_ingot":4,"minecraft:candle":4,"minecraft:lapis_lazuli":31,"minecraft:oak_log":28,"minecraft:cobblestone":11,"minecraft:coal":39,"biomesoplenty:jacaranda_log":40,"minecraft:dirt":7,"minecraft:paper":2,"minecraft:redstone":32,"minecraft:gravel":4,"minecraft:furnace":7,"minecraft:stone_axe":2,"minecraft:raw_copper":9,"alexscaves:cave_tablet":12,"minecraft:tuff":450,"minecraft:diamond_hoe":1,"minecraft:raw_iron":68,"alexscaves:cave_book":1,"minecraft:arrow":1,"minecraft:raw_gold":3},"minecraft:used":{"minecraft:chest":12,"minecraft:shield":8,"minecraft:iron_sword":18,"minecraft:torch":145,"minecraft:tuff":29,"minecraft:iron_axe":50,"alexscaves:spelunkery_table":2,"biomesoplenty:jacaranda_sapling":1,"minecraft:beef":5,"minecraft:furnace":7,"minecraft:cooked_beef":9,"minecraft:cobbled_deepslate":4,"minecraft:acacia_boat":1,"minecraft:cooked_mutton":12,"minecraft:stone_pickaxe":1341,"minecraft:oak_planks":2,"minecraft:wooden_pickaxe":104,"minecraft:crafting_table":8,"alexscaves:cave_book":2,"simplyswords:iron_twinblade":35,"minecraft:white_bed":2,"minecraft:oak_log":9,"minecraft:apple":1,"minecraft:melon_slice":32,"minecraft:iron_pickaxe":1499,"minecraft:stone_axe":391,"minecraft:cobblestone":231,"minecraft:porkchop":3,"minecraft:andesite":3},"minecraft:killed_by":{"minecraft:vindicator":2,"minecraft:warden":1},"minecraft:killed":{"minecraft:vex":1,"minecraft:vindicator":10,"minecraft:spider":5,"minecraft:skeleton":14,"minecraft:pig":5,"graveyard:ghoul":1,"mowziesmobs:umvuthana_follower_raptor":2,"minecraft:creeper":7,"minecraft:sheep":4,"minecraft:zombie":37,"alexscaves:subterranodon":1,"minecraft:cow":7},"minecraft:custom":{"minecraft:mob_kills":96,"minecraft:interact_with_crafting_table":25,"minecraft:open_barrel":2,"minecraft:damage_dealt_resisted":73,"minecraft:leave_game":2,"minecraft:time_since_death":3162,"minecraft:climb_one_cm":3512,"minecraft:sprint_one_cm":382388,"minecraft:walk_one_cm":816412,"minecraft:damage_blocked_by_shield":380,"minecraft:drop":36,"minecraft:play_time":232581,"minecraft:deaths":7,"minecraft:sneak_time":8707,"minecraft:walk_under_water_one_cm":18828,"minecraft:boat_one_cm":107016,"minecraft:jump":2856,"minecraft:interact_with_blast_furnace":2,"minecraft:walk_on_water_one_cm":34382,"minecraft:total_world_time":232581,"minecraft:interact_with_furnace":53,"minecraft:interact_with_loom":43,"minecraft:sleep_in_bed":1,"minecraft:time_since_rest":3193,"minecraft:damage_taken":3714,"minecraft:damage_dealt":17735,"minecraft:swim_one_cm":16571,"minecraft:fly_one_cm":272762,"minecraft:open_chest":91,"minecraft:crouch_one_cm":20619,"minecraft:fall_one_cm":68359},"minecraft:crafted":{"minecraft:oak_planks":112,"minecraft:furnace":7,"minecraft:stone":58,"alexscaves:cave_map":1,"minecraft:cooked_mutton":6,"minecraft:iron_boots":1,"minecraft:iron_axe":1,"minecraft:stone_pickaxe":11,"minecraft:chest":10,"minecraft:cooked_beef":9,"biomesoplenty:jacaranda_planks":36,"minecraft:crafting_table":2,"minecraft:wooden_pickaxe":1,"minecraft:iron_helmet":1,"minecraft:iron_sword":1,"minecraft:copper_ingot":25,"minecraft:stone_axe":6,"minecraft:acacia_boat":1,"minecraft:air":0,"minecraft:iron_chestplate":1,"minecraft:shield":1,"minecraft:stick":116,"minecraft:iron_ingot":1,"minecraft:iron_pickaxe":6,"minecraft:white_bed":1,"minecraft:acacia_planks":64,"minecraft:torch":196},"minecraft:broken":{"minecraft:wooden_pickaxe":1,"minecraft:stone_pickaxe":10,"minecraft:iron_axe":2,"minecraft:stone_axe":3,"minecraft:iron_pickaxe":6},"minecraft:mined":{"minecraft:dark_oak_planks":2,"create:zinc_ore":35,"alexscaves:spelunkery_table":2,"create:deepslate_zinc_ore":11,"minecraft:tuff":909,"minecraft:white_bed":1,"minecraft:light_blue_wool":1,"minecraft:deepslate_diamond_ore":1,"biomesoplenty:desert_grass":5,"minecraft:glow_lichen":1,"minecraft:granite":73,"minecraft:acacia_log":7,"minecraft:grass_block":2,"create:ochrum":37,"minecraft:large_fern":2,"alexscaves:subterranodon_egg":1,"minecraft:raw_iron_block":1,"biomesoplenty:jacaranda_log":49,"minecraft:redstone_ore":3,"minecraft:furnace":7,"minecraft:iron_ore":167,"biomesoplenty:lavender":11,"minecraft:andesite":7,"minecraft:deepslate_lapis_ore":7,"create:asurine":53,"minecraft:bookshelf":38,"minecraft:deepslate_iron_ore":43,"alexscaves:curly_fern":1,"minecraft:stone":1166,"biomesoplenty:jacaranda_leaves":14,"minecraft:deepslate_redstone_ore":4,"minecraft:acacia_leaves":1,"minecraft:glass_pane":7,"minecraft:comparator":2,"minecraft:crafting_table":8,"minecraft:torch":10,"minecraft:chest":3,"minecraft:copper_ore":14,"minecraft:tall_grass":5,"minecraft:cobblestone":23,"minecraft:deepslate_coal_ore":1,"minecraft:deepslate_gold_ore":10,"minecraft:lapis_ore":4,"minecraft:oak_planks":5,"minecraft:diorite":3,"minecraft:wall_torch":10,"minecraft:deepslate_copper_ore":8,"minecraft:repeater":10,"minecraft:grass":33,"minecraft:coal_ore":276,"minecraft:oak_log":65,"alexscaves:cycad":2,"minecraft:gravel":7,"minecraft:dirt":32,"biomesoplenty:stringy_cobweb":1,"minecraft:cobweb":3,"minecraft:gold_ore":6,"minecraft:fern":1,"minecraft:oak_leaves":22,"minecraft:deepslate":10}},"DataVersion":3465}