{"stats":{"minecraft:used":{"minecraft:wooden_axe":83,"minecraft:apple":3,"minecraft:wooden_pickaxe":39,"minecraft:dirt":2,"minecraft:crafting_table":2,"minecraft:oak_sapling":5},"minecraft:picked_up":{"minecraft:birch_log":6,"minecraft:crafting_table":2,"minecraft:stick":55,"minecraft:porkchop":11,"minecraft:oak_log":92,"minecraft:gunpowder":2,"minecraft:dirt":2,"minecraft:rotten_flesh":2,"minecraft:apple":5,"dynamictrees:birch_seed":2,"dynamictrees:oak_seed":5,"minecraft:oak_sapling":18,"minecraft:sugar_cane":6,"minecraft:cobblestone":37},"minecraft:crafted":{"minecraft:oak_planks":40,"minecraft:crafting_table":1,"minecraft:stick":8,"minecraft:wooden_pickaxe":1,"minecraft:wooden_axe":2},"minecraft:killed":{"minecraft:skeleton":1,"minecraft:zombie":1,"minecraft:pig":6,"minecraft:creeper":1},"minecraft:custom":{"minecraft:time_since_rest":14711,"minecraft:sprint_one_cm":23193,"minecraft:damage_taken":55,"minecraft:walk_one_cm":58802,"minecraft:mob_kills":9,"minecraft:damage_dealt":1200,"minecraft:swim_one_cm":2407,"minecraft:interact_with_crafting_table":3,"minecraft:fly_one_cm":12816,"minecraft:play_time":14711,"minecraft:sneak_time":2,"minecraft:walk_under_water_one_cm":182,"minecraft:jump":146,"minecraft:walk_on_water_one_cm":1275,"minecraft:time_since_death":14711,"minecraft:total_world_time":14711,"minecraft:fall_one_cm":836},"minecraft:broken":{"minecraft:wooden_axe":1},"minecraft:mined":{"minecraft:birch_leaves":1,"minecraft:crafting_table":2,"minecraft:grass":4,"minecraft:grass_block":1,"minecraft:oak_log":61,"minecraft:dirt":1,"minecraft:stone":37,"minecraft:sugar_cane":3,"minecraft:oak_leaves":4}},"DataVersion":3465}