{"stats":{"minecraft:used":{"minecraft:crafting_table":1},"minecraft:picked_up":{"minecraft:oak_log":10,"minecraft:sugar_cane":6},"minecraft:crafted":{"minecraft:crafting_table":1,"minecraft:stick":8,"minecraft:oak_planks":40},"minecraft:custom":{"minecraft:jump":10,"minecraft:time_since_rest":2711,"minecraft:sprint_one_cm":2325,"minecraft:play_time":2711,"minecraft:walk_on_water_one_cm":1275,"minecraft:time_since_death":2711,"minecraft:walk_one_cm":4660,"minecraft:sneak_time":1,"minecraft:total_world_time":2711,"minecraft:walk_under_water_one_cm":182,"minecraft:swim_one_cm":2407,"minecraft:interact_with_crafting_table":2,"minecraft:fly_one_cm":2286},"minecraft:mined":{"minecraft:oak_log":10,"minecraft:sugar_cane":3}},"DataVersion":3465}