{"stats":{"minecraft:used":{"minecraft:chest":1,"minecraft:iron_chestplate":1,"minecraft:oak_door":6,"minecraft:torch":48,"minecraft:dirt":2,"minecraft:wooden_axe":89,"minecraft:iron_axe":8,"alexscaves:spelunkery_table":1,"minecraft:furnace":3,"minecraft:oak_sapling":5,"minecraft:oak_planks":14,"minecraft:stone_pickaxe":131,"minecraft:wooden_pickaxe":42,"minecraft:crafting_table":8,"alexscaves:cave_book":1,"minecraft:blast_furnace":1,"minecraft:smoker":1,"minecraft:apple":5,"minecraft:string":3,"minecraft:iron_pickaxe":537,"minecraft:stone_axe":80,"minecraft:cobblestone":123,"minecraft:cooked_porkchop":8},"minecraft:picked_up":{"minecraft:wooden_axe":1,"minecraft:crafting_table":8,"minecraft:wooden_pickaxe":1,"alexscaves:cave_tablet":8,"minecraft:brown_bed":1,"minecraft:string":6,"minecraft:soul_soil":1,"minecraft:raw_copper":176,"graveyard:corruption":1,"minecraft:cobbled_deepslate":1,"minecraft:comparator":1,"dynamictrees:oak_seed":5,"minecraft:sugar_cane":12,"minecraft:chest":1,"minecraft:piston":1,"minecraft:furnace":3,"minecraft:raw_iron":217,"minecraft:stick":55,"minecraft:oak_door":5,"minecraft:copper_ingot":48,"minecraft:polished_deepslate_stairs":1,"minecraft:torch":12,"minecraft:porkchop":11,"biomeswevegone:tall_allium":2,"minecraft:redstone":40,"minecraft:arrow":6,"minecraft:rotten_flesh":9,"biomeswevegone:florus_stem":10,"alexscaves:spelunkery_table":2,"minecraft:waxed_cut_copper":2,"minecraft:cobblestone":193,"minecraft:birch_log":6,"minecraft:glow_ink_sac":3,"minecraft:andesite":41,"minecraft:smoker":1,"alexscaves:cave_book":1,"minecraft:tuff":2,"create:raw_zinc":14,"minecraft:oak_log":93,"minecraft:gunpowder":15,"minecraft:lapis_lazuli":32,"minecraft:dirt":2,"minecraft:paper":16,"minecraft:bone":8,"minecraft:light_blue_banner":1,"minecraft:apple":5,"minecraft:raw_gold":25,"dynamictrees:birch_seed":4,"minecraft:iron_ingot":9,"minecraft:book":1,"minecraft:raw_iron_block":2,"minecraft:blast_furnace":9,"alexsmobs:animal_dictionary":1,"minecraft:soul_lantern":3,"minecraft:painting":1,"minecraft:oak_sapling":31,"minecraft:coal":152},"minecraft:killed":{"minecraft:spider":3,"minecraft:skeleton":9,"graveyard:ghoul":1,"minecraft:pig":6,"minecraft:creeper":6,"minecraft:zombie":9},"minecraft:crafted":{"minecraft:oak_door":3,"minecraft:smooth_stone":11,"minecraft:oak_planks":60,"minecraft:furnace":3,"minecraft:blast_furnace":1,"minecraft:stone":11,"minecraft:iron_axe":1,"minecraft:stone_pickaxe":1,"minecraft:chest":1,"minecraft:raw_iron_block":14,"minecraft:smoker":1,"minecraft:cooked_porkchop":11,"minecraft:crafting_table":1,"minecraft:wooden_pickaxe":1,"minecraft:stone_axe":1,"minecraft:air":0,"minecraft:iron_chestplate":1,"minecraft:stick":8,"minecraft:iron_pickaxe":3,"minecraft:iron_ingot":27,"minecraft:wooden_axe":2,"minecraft:torch":40},"minecraft:custom":{"minecraft:mob_kills":35,"minecraft:interact_with_crafting_table":20,"minecraft:open_barrel":8,"minecraft:time_since_death":92711,"minecraft:climb_one_cm":1384,"minecraft:sprint_one_cm":97042,"minecraft:walk_one_cm":317484,"minecraft:drop":36,"minecraft:play_time":92711,"minecraft:sneak_time":2654,"minecraft:walk_under_water_one_cm":8117,"minecraft:interact_with_lectern":2,"minecraft:jump":922,"minecraft:interact_with_blast_furnace":5,"minecraft:walk_on_water_one_cm":10037,"minecraft:total_world_time":92711,"minecraft:interact_with_furnace":24,"minecraft:interact_with_cartography_table":2,"minecraft:interact_with_loom":11,"minecraft:time_since_rest":92711,"minecraft:damage_taken":840,"minecraft:damage_dealt":6333,"minecraft:swim_one_cm":16176,"minecraft:fly_one_cm":62900,"minecraft:open_chest":17,"minecraft:crouch_one_cm":8993,"minecraft:interact_with_smoker":4,"minecraft:fall_one_cm":15853},"minecraft:broken":{"minecraft:stone_pickaxe":1,"minecraft:stone_axe":1,"minecraft:iron_pickaxe":2,"minecraft:wooden_axe":1},"minecraft:dropped":{"biomeswevegone:tall_allium":1,"minecraft:glow_ink_sac":3,"dynamictrees:birch_seed":2,"minecraft:crafting_table":1,"minecraft:copper_ingot":8,"biomeswevegone:florus_stem":5,"graveyard:corruption":1,"minecraft:wooden_axe":1,"minecraft:string":3,"minecraft:birch_log":6,"create:raw_zinc":14,"minecraft:soul_soil":1,"dynamictrees:oak_seed":5,"alexsmobs:animal_dictionary":1,"minecraft:cobbled_deepslate":1,"minecraft:tuff":2,"minecraft:rotten_flesh":6,"minecraft:oak_planks":15,"minecraft:polished_deepslate_stairs":1,"minecraft:waxed_cut_copper":2,"minecraft:oak_sapling":13,"minecraft:chest":1,"minecraft:arrow":6,"minecraft:wooden_pickaxe":2},"minecraft:mined":{"create:zinc_ore":7,"alexscaves:spelunkery_table":2,"create:deepslate_zinc_ore":7,"minecraft:tuff":49,"minecraft:oak_door":5,"minecraft:grass_block":1,"minecraft:soul_campfire":1,"minecraft:redstone_ore":3,"minecraft:raw_iron_block":2,"minecraft:furnace":3,"minecraft:iron_ore":146,"minecraft:andesite":41,"minecraft:deepslate_lapis_ore":5,"minecraft:brown_bed":1,"minecraft:deepslate_iron_ore":69,"minecraft:stone":156,"minecraft:tripwire":3,"minecraft:waxed_cut_copper":2,"minecraft:deepslate_redstone_ore":6,"minecraft:polished_deepslate_stairs":1,"minecraft:smoker":1,"minecraft:soul_lantern":3,"minecraft:crafting_table":8,"minecraft:torch":3,"minecraft:blast_furnace":9,"minecraft:chest":1,"minecraft:copper_ore":32,"minecraft:cobblestone":24,"minecraft:lapis_ore":1,"minecraft:deepslate_gold_ore":25,"minecraft:sugar_cane":3,"minecraft:damaged_anvil":1,"minecraft:light_blue_banner":1,"minecraft:wall_torch":8,"biomeswevegone:florus_stem":5,"minecraft:birch_leaves":1,"biomeswevegone:tall_allium":1,"minecraft:grass":4,"minecraft:coal_ore":89,"minecraft:oak_log":62,"minecraft:dirt":1,"minecraft:piston":1,"minecraft:oak_leaves":4,"minecraft:deepslate":23}},"DataVersion":3465}