{"stats":{"minecraft:used":{"minecraft:stone_pickaxe":131,"minecraft:oak_planks":14,"minecraft:chest":1,"minecraft:wooden_pickaxe":42,"minecraft:iron_chestplate":1,"minecraft:oak_door":6,"minecraft:torch":37,"minecraft:dirt":2,"minecraft:crafting_table":5,"minecraft:blast_furnace":1,"minecraft:smoker":1,"minecraft:wooden_axe":89,"minecraft:apple":5,"minecraft:string":1,"minecraft:iron_pickaxe":251,"minecraft:stone_axe":43,"minecraft:cobblestone":85,"minecraft:oak_sapling":5,"minecraft:furnace":3,"minecraft:cooked_porkchop":4},"minecraft:picked_up":{"minecraft:wooden_axe":1,"minecraft:birch_log":6,"minecraft:crafting_table":5,"minecraft:glow_ink_sac":3,"minecraft:andesite":41,"minecraft:wooden_pickaxe":1,"minecraft:smoker":1,"minecraft:oak_log":92,"minecraft:gunpowder":14,"minecraft:lapis_lazuli":4,"minecraft:string":4,"minecraft:dirt":2,"minecraft:raw_copper":176,"minecraft:bone":6,"minecraft:apple":5,"graveyard:corruption":1,"minecraft:iron_ingot":9,"dynamictrees:birch_seed":4,"dynamictrees:oak_seed":5,"minecraft:sugar_cane":12,"minecraft:chest":1,"minecraft:furnace":3,"minecraft:stick":55,"minecraft:raw_iron":107,"minecraft:oak_door":5,"minecraft:copper_ingot":48,"minecraft:torch":4,"minecraft:porkchop":11,"minecraft:blast_furnace":1,"biomeswevegone:tall_allium":2,"minecraft:redstone":12,"alexsmobs:animal_dictionary":1,"minecraft:arrow":4,"minecraft:rotten_flesh":7,"biomeswevegone:florus_stem":10,"minecraft:oak_sapling":31,"minecraft:coal":152,"minecraft:cobblestone":159},"minecraft:killed":{"minecraft:pig":6,"graveyard:ghoul":1,"minecraft:spider":2,"minecraft:creeper":4,"minecraft:skeleton":5,"minecraft:zombie":4},"minecraft:crafted":{"minecraft:oak_door":3,"minecraft:smooth_stone":11,"minecraft:oak_planks":60,"minecraft:cooked_porkchop":11,"minecraft:crafting_table":1,"minecraft:wooden_pickaxe":1,"minecraft:furnace":3,"minecraft:blast_furnace":1,"minecraft:stone":11,"minecraft:stone_axe":1,"minecraft:air":0,"minecraft:iron_chestplate":1,"minecraft:stick":8,"minecraft:iron_ingot":27,"minecraft:iron_pickaxe":2,"minecraft:stone_pickaxe":1,"minecraft:wooden_axe":2,"minecraft:chest":1,"minecraft:torch":40,"minecraft:smoker":1},"minecraft:custom":{"minecraft:interact_with_furnace":24,"minecraft:mob_kills":23,"minecraft:interact_with_crafting_table":17,"minecraft:time_since_death":50711,"minecraft:time_since_rest":50711,"minecraft:sprint_one_cm":59679,"minecraft:damage_taken":474,"minecraft:walk_one_cm":177744,"minecraft:drop":8,"minecraft:damage_dealt":4062,"minecraft:swim_one_cm":16176,"minecraft:fly_one_cm":39534,"minecraft:open_chest":11,"minecraft:crouch_one_cm":8340,"minecraft:play_time":50711,"minecraft:sneak_time":2347,"minecraft:walk_under_water_one_cm":8117,"minecraft:jump":605,"minecraft:interact_with_blast_furnace":4,"minecraft:walk_on_water_one_cm":9800,"minecraft:interact_with_smoker":4,"minecraft:total_world_time":50711,"minecraft:fall_one_cm":10089},"minecraft:dropped":{"biomeswevegone:tall_allium":1,"dynamictrees:birch_seed":2,"minecraft:glow_ink_sac":3,"minecraft:rotten_flesh":4,"minecraft:wooden_axe":1,"minecraft:wooden_pickaxe":1,"minecraft:string":2},"minecraft:broken":{"minecraft:stone_pickaxe":1,"minecraft:iron_pickaxe":1,"minecraft:wooden_axe":1},"minecraft:mined":{"minecraft:oak_door":5,"minecraft:smoker":1,"minecraft:crafting_table":5,"minecraft:torch":3,"minecraft:blast_furnace":1,"minecraft:grass_block":1,"minecraft:chest":1,"minecraft:cobblestone":4,"minecraft:copper_ore":32,"minecraft:lapis_ore":1,"minecraft:sugar_cane":3,"biomeswevegone:florus_stem":5,"minecraft:redstone_ore":3,"minecraft:furnace":3,"minecraft:iron_ore":105,"minecraft:birch_leaves":1,"minecraft:andesite":41,"biomeswevegone:tall_allium":1,"minecraft:grass":4,"minecraft:oak_log":61,"minecraft:coal_ore":89,"minecraft:dirt":1,"minecraft:stone":141,"minecraft:oak_leaves":4,"minecraft:tripwire":1}},"DataVersion":3465}