{"stats":{"minecraft:used":{"minecraft:wooden_axe":89,"minecraft:apple":5,"minecraft:stone_pickaxe":128,"minecraft:chest":1,"minecraft:wooden_pickaxe":39,"minecraft:torch":23,"minecraft:stone_axe":9,"minecraft:dirt":2,"minecraft:crafting_table":4,"minecraft:furnace":3,"minecraft:oak_sapling":5},"minecraft:picked_up":{"minecraft:birch_log":6,"minecraft:raw_iron":13,"minecraft:crafting_table":3,"minecraft:stick":55,"minecraft:torch":1,"minecraft:porkchop":11,"minecraft:oak_log":92,"biomeswevegone:tall_allium":1,"minecraft:gunpowder":6,"minecraft:dirt":2,"minecraft:raw_copper":112,"minecraft:rotten_flesh":3,"minecraft:apple":5,"biomeswevegone:florus_stem":5,"dynamictrees:birch_seed":2,"dynamictrees:oak_seed":5,"minecraft:oak_sapling":18,"minecraft:sugar_cane":6,"minecraft:coal":71,"minecraft:cobblestone":49},"minecraft:crafted":{"minecraft:oak_planks":40,"minecraft:cooked_porkchop":10,"minecraft:crafting_table":1,"minecraft:stick":8,"minecraft:iron_pickaxe":1,"minecraft:iron_ingot":10,"minecraft:wooden_pickaxe":1,"minecraft:stone_pickaxe":1,"minecraft:wooden_axe":2,"minecraft:chest":1,"minecraft:furnace":3,"minecraft:torch":28,"minecraft:stone_axe":1,"minecraft:air":0},"minecraft:killed":{"minecraft:skeleton":1,"minecraft:zombie":3,"minecraft:pig":6,"minecraft:creeper":3},"minecraft:custom":{"minecraft:time_since_rest":26711,"minecraft:interact_with_furnace":12,"minecraft:sprint_one_cm":34562,"minecraft:damage_taken":55,"minecraft:walk_one_cm":103986,"minecraft:mob_kills":13,"minecraft:damage_dealt":1990,"minecraft:swim_one_cm":2407,"minecraft:interact_with_crafting_table":9,"minecraft:fly_one_cm":16105,"minecraft:open_chest":3,"minecraft:crouch_one_cm":438,"minecraft:play_time":26711,"minecraft:sneak_time":89,"minecraft:walk_under_water_one_cm":1247,"minecraft:jump":268,"minecraft:walk_on_water_one_cm":3209,"minecraft:time_since_death":26711,"minecraft:total_world_time":26711,"minecraft:fall_one_cm":3019},"minecraft:broken":{"minecraft:wooden_axe":1},"minecraft:mined":{"biomeswevegone:florus_stem":5,"minecraft:iron_ore":13,"minecraft:birch_leaves":1,"biomeswevegone:tall_allium":1,"minecraft:crafting_table":3,"minecraft:grass":4,"minecraft:coal_ore":71,"minecraft:grass_block":1,"minecraft:oak_log":61,"minecraft:dirt":1,"minecraft:copper_ore":32,"minecraft:stone":49,"minecraft:sugar_cane":3,"minecraft:oak_leaves":4}},"DataVersion":3465}