{"stats":{"minecraft:killed_by":{"mowziesmobs:umvuthi":2,"minecraft:skeleton":1},"minecraft:used":{"minecraft:azalea":1,"biomeswevegone:cracked_red_sand":2,"minecraft:chest":5,"minecraft:iron_sword":1,"minecraft:iron_chestplate":1,"minecraft:oak_door":6,"minecraft:torch":53,"mowziesmobs:umvuthana_mask_bliss":2,"minecraft:dirt":2,"minecraft:wooden_axe":89,"minecraft:iron_axe":232,"minecraft:iron_helmet":3,"minecraft:iron_boots":1,"alexscaves:spelunkery_table":1,"minecraft:oak_sapling":5,"minecraft:furnace":4,"minecraft:gold_block":1,"minecraft:cooked_beef":3,"minecraft:brown_bed":1,"minecraft:iron_leggings":1,"minecraft:oak_planks":14,"minecraft:stone_pickaxe":131,"minecraft:wooden_pickaxe":42,"biomeswevegone:red_quicksand":12,"minecraft:crafting_table":9,"minecraft:blast_furnace":7,"alexscaves:cave_book":1,"minecraft:spider_eye":1,"minecraft:smoker":2,"minecraft:red_sandstone":1,"minecraft:apple":5,"minecraft:bread":16,"minecraft:string":3,"minecraft:iron_pickaxe":676,"minecraft:stone_axe":80,"minecraft:cobblestone":212,"minecraft:cooked_porkchop":22,"minecraft:pumpkin_pie":1},"minecraft:picked_up":{"minecraft:wooden_axe":1,"sophisticatedbackpacks:gold_backpack":1,"minecraft:crafting_table":9,"minecraft:chicken":4,"minecraft:clay_ball":20,"minecraft:wooden_pickaxe":1,"alexscaves:cave_tablet":8,"minecraft:brown_bed":2,"minecraft:gold_block":3,"minecraft:string":14,"minecraft:moss_carpet":1,"minecraft:soul_soil":1,"minecraft:raw_copper":176,"biomeswevegone:firecracker_flower_bush":1,"minecraft:red_nether_bricks":1,"graveyard:corruption":1,"minecraft:cobbled_deepslate":1,"minecraft:comparator":1,"minecraft:beef":5,"minecraft:calcite":57,"minecraft:azalea":1,"dynamictrees:oak_seed":5,"minecraft:melon_slice":57,"minecraft:sugar_cane":143,"minecraft:chest":5,"minecraft:piston":1,"minecraft:furnace":4,"minecraft:stick":86,"minecraft:raw_iron":217,"biomeswevegone:windswept_sandstone":32,"minecraft:oak_door":5,"minecraft:copper_ingot":48,"minecraft:polished_deepslate_stairs":1,"minecraft:torch":13,"minecraft:porkchop":22,"biomeswevegone:tall_allium":2,"minecraft:redstone":40,"biomeswevegone:cracked_red_sand":2,"minecraft:arrow":20,"minecraft:rotten_flesh":18,"biomeswevegone:florus_stem":10,"alexscaves:spelunkery_table":2,"mowziesmobs:umvuthana_mask_bliss":1,"minecraft:deepslate_brick_stairs":2,"minecraft:waxed_cut_copper":2,"minecraft:glow_berries":3,"minecraft:cobblestone":244,"minecraft:birch_log":6,"minecraft:pink_petals":38,"minecraft:feather":6,"minecraft:cooked_beef":2,"minecraft:glow_ink_sac":3,"minecraft:andesite":41,"minecraft:leather":6,"minecraft:smoker":2,"biomeswevegone:ironwood_log":14,"minecraft:ochre_froglight":1,"biomeswevegone:golden_spined_cactus":1,"minecraft:packed_mud":1,"alexscaves:cave_book":2,"minecraft:tuff":2,"create:raw_zinc":14,"minecraft:oak_log":94,"minecraft:lily_pad":1,"minecraft:cobbled_deepslate_stairs":1,"minecraft:gunpowder":17,"minecraft:paper":90,"minecraft:lapis_lazuli":32,"minecraft:dirt":2,"minecraft:lantern":1,"biomeswevegone:red_quicksand":20,"minecraft:bone":31,"minecraft:light_blue_banner":1,"biomeswevegone:shrub":2,"minecraft:apple":5,"minecraft:bow":2,"minecraft:red_sandstone":1,"minecraft:wheat_seeds":6,"minecraft:raw_gold":25,"minecraft:iron_ingot":10,"dynamictrees:birch_seed":4,"minecraft:moss_block":1,"minecraft:book":1,"minecraft:cooked_porkchop":1,"minecraft:raw_iron_block":2,"minecraft:jungle_planks":2,"minecraft:blast_furnace":16,"minecraft:spider_eye":2,"alexsmobs:animal_dictionary":1,"minecraft:mossy_cobblestone":2,"minecraft:soul_lantern":6,"alexsmobs:rattlesnake_rattle":1,"dynamictrees:cherry_seed":7,"minecraft:painting":1,"biomeswevegone:green_mushroom":4,"minecraft:oak_sapling":31,"minecraft:damaged_anvil":2,"minecraft:coal":250},"minecraft:killed":{"alexsmobs:hummingbird":2,"minecraft:spider":10,"alexsmobs:rattlesnake":1,"minecraft:skeleton":26,"minecraft:horse":3,"minecraft:chicken":5,"mowziesmobs:umvuthana_crane":2,"mowziesmobs:umvuthana":3,"minecraft:husk":2,"graveyard:ghoul":1,"minecraft:pig":10,"minecraft:creeper":7,"minecraft:zombie":18,"minecraft:cow":4},"minecraft:crafted":{"minecraft:oak_door":3,"minecraft:smooth_stone":11,"minecraft:oak_planks":104,"minecraft:raw_iron":144,"minecraft:furnace":3,"minecraft:blast_furnace":1,"minecraft:stone":11,"minecraft:iron_boots":1,"sophisticatedbackpacks:copper_backpack":1,"minecraft:iron_axe":2,"minecraft:stone_pickaxe":1,"minecraft:chest":6,"sophisticatedbackpacks:iron_backpack":1,"minecraft:raw_iron_block":14,"minecraft:smoker":1,"minecraft:cooked_beef":3,"sophisticatedbackpacks:backpack":1,"minecraft:cooked_porkchop":22,"minecraft:crafting_table":2,"minecraft:wooden_pickaxe":1,"minecraft:iron_helmet":1,"sophisticatedbackpacks:gold_backpack":1,"minecraft:stone_axe":1,"minecraft:air":0,"minecraft:iron_chestplate":1,"minecraft:stick":8,"minecraft:iron_pickaxe":3,"minecraft:iron_ingot":235,"minecraft:wooden_axe":2,"minecraft:iron_block":21,"minecraft:iron_leggings":1,"minecraft:torch":40},"minecraft:custom":{"minecraft:mob_kills":97,"minecraft:interact_with_crafting_table":30,"minecraft:open_barrel":13,"minecraft:leave_game":1,"minecraft:time_since_death":464,"minecraft:climb_one_cm":5453,"minecraft:sprint_one_cm":331947,"minecraft:walk_one_cm":610467,"minecraft:drop":58,"minecraft:play_time":178104,"minecraft:deaths":5,"minecraft:sneak_time":3446,"minecraft:walk_under_water_one_cm":29348,"minecraft:interact_with_lectern":3,"minecraft:jump":2666,"minecraft:interact_with_blast_furnace":31,"minecraft:walk_on_water_one_cm":53024,"minecraft:total_world_time":178104,"minecraft:interact_with_furnace":27,"minecraft:interact_with_cartography_table":2,"minecraft:interact_with_loom":11,"minecraft:sleep_in_bed":1,"minecraft:time_since_rest":497,"minecraft:damage_taken":3717,"minecraft:damage_dealt":16058,"minecraft:swim_one_cm":78029,"minecraft:fly_one_cm":344247,"minecraft:open_chest":52,"minecraft:crouch_one_cm":10893,"minecraft:interact_with_smoker":7,"minecraft:fall_one_cm":55727},"minecraft:broken":{"minecraft:stone_pickaxe":1,"minecraft:iron_axe":1,"minecraft:stone_axe":1,"minecraft:iron_pickaxe":2,"minecraft:wooden_axe":1},"minecraft:dropped":{"biomeswevegone:tall_allium":1,"minecraft:wheat_seeds":1,"minecraft:cobbled_deepslate_stairs":1,"minecraft:glow_ink_sac":3,"dynamictrees:birch_seed":2,"minecraft:crafting_table":1,"minecraft:cooked_porkchop":1,"minecraft:cobblestone":1,"biomeswevegone:firecracker_flower_bush":1,"minecraft:copper_ingot":8,"biomeswevegone:florus_stem":5,"graveyard:corruption":1,"sophisticatedbackpacks:gold_backpack":1,"minecraft:packed_mud":1,"biomeswevegone:golden_spined_cactus":1,"minecraft:wooden_axe":1,"minecraft:pumpkin_pie":1,"dynamictrees:cherry_seed":7,"minecraft:pink_petals":12,"minecraft:string":7,"minecraft:birch_log":6,"create:raw_zinc":14,"minecraft:moss_carpet":1,"minecraft:soul_soil":1,"dynamictrees:oak_seed":5,"alexsmobs:animal_dictionary":1,"minecraft:cobbled_deepslate":1,"minecraft:tuff":2,"minecraft:soul_lantern":3,"biomeswevegone:green_mushroom":4,"minecraft:rotten_flesh":6,"minecraft:oak_planks":15,"minecraft:comparator":1,"minecraft:damaged_anvil":1,"biomeswevegone:red_quicksand":8,"minecraft:polished_deepslate_stairs":1,"alexscaves:cave_book":1,"minecraft:waxed_cut_copper":2,"minecraft:oak_sapling":13,"minecraft:chest":1,"minecraft:spider_eye":1,"minecraft:red_nether_bricks":1,"minecraft:arrow":6,"minecraft:wooden_pickaxe":2},"minecraft:mined":{"create:zinc_ore":7,"alexscaves:spelunkery_table":2,"create:deepslate_zinc_ore":7,"minecraft:tuff":49,"biomeswevegone:shrub":2,"minecraft:mossy_cobblestone":1,"minecraft:cobbled_deepslate_stairs":1,"minecraft:oak_door":5,"minecraft:red_nether_bricks":1,"minecraft:grass_block":1,"minecraft:jungle_planks":2,"minecraft:soul_campfire":1,"minecraft:moss_block":1,"biomeswevegone:cracked_red_sand":2,"minecraft:raw_iron_block":2,"minecraft:redstone_ore":3,"minecraft:packed_mud":1,"minecraft:furnace":4,"minecraft:red_sandstone":1,"minecraft:iron_ore":146,"minecraft:andesite":41,"minecraft:deepslate_lapis_ore":5,"biomeswevegone:ironwood_log":15,"minecraft:gold_block":3,"minecraft:brown_bed":2,"biomeswevegone:red_quicksand":9,"minecraft:cave_vines":2,"minecraft:deepslate_iron_ore":69,"minecraft:deepslate_brick_stairs":3,"dynamictrees:jungle_undergrowth_leaves":1,"minecraft:azalea":1,"minecraft:stone":207,"biomeswevegone:green_mushroom":3,"minecraft:tripwire":3,"minecraft:waxed_cut_copper":2,"minecraft:deepslate_redstone_ore":6,"minecraft:polished_deepslate_stairs":1,"minecraft:smoker":2,"minecraft:soul_lantern":3,"minecraft:clay":5,"minecraft:crafting_table":9,"minecraft:torch":3,"minecraft:blast_furnace":16,"minecraft:calcite":31,"minecraft:melon":11,"minecraft:chest":5,"biomeswevegone:golden_spined_cactus":3,"minecraft:copper_ore":32,"minecraft:tall_grass":10,"minecraft:cobblestone":24,"minecraft:lily_pad":1,"minecraft:deepslate_gold_ore":25,"minecraft:lapis_ore":1,"minecraft:sugar_cane":77,"minecraft:damaged_anvil":1,"minecraft:light_blue_banner":1,"minecraft:wall_torch":9,"biomeswevegone:firecracker_flower_bush":1,"minecraft:pink_petals":27,"minecraft:seagrass":2,"biomeswevegone:florus_stem":5,"minecraft:birch_leaves":1,"biomeswevegone:tall_allium":1,"minecraft:grass":33,"minecraft:oak_log":63,"minecraft:coal_ore":89,"minecraft:ochre_froglight":1,"minecraft:dirt":1,"minecraft:cobweb":1,"minecraft:small_dripleaf":4,"biomeswevegone:windswept_sandstone":35,"minecraft:piston":1,"minecraft:oak_leaves":4,"minecraft:deepslate":23,"minecraft:fern":6}},"DataVersion":3465}