{"stats":{"minecraft:killed":{"minecraft:vex":1,"minecraft:pig":5,"minecraft:vindicator":10,"minecraft:spider":3,"minecraft:creeper":2,"minecraft:sheep":4,"minecraft:skeleton":3,"minecraft:zombie":10,"minecraft:cow":7},"minecraft:killed_by":{"minecraft:vindicator":2},"minecraft:custom":{"minecraft:mob_kills":47,"minecraft:interact_with_crafting_table":5,"minecraft:damage_dealt_resisted":73,"minecraft:time_since_death":6058,"minecraft:sleep_in_bed":1,"minecraft:climb_one_cm":690,"minecraft:time_since_rest":6096,"minecraft:sprint_one_cm":134632,"minecraft:damage_taken":1540,"minecraft:walk_one_cm":186724,"minecraft:drop":3,"minecraft:damage_dealt":7575,"minecraft:fly_one_cm":77858,"minecraft:open_chest":2,"minecraft:crouch_one_cm":815,"minecraft:play_time":35129,"minecraft:deaths":3,"minecraft:sneak_time":494,"minecraft:walk_under_water_one_cm":1640,"minecraft:jump":504,"minecraft:walk_on_water_one_cm":6089,"minecraft:total_world_time":35129,"minecraft:fall_one_cm":11593},"minecraft:picked_up":{"biomesoplenty:lavender":6,"minecraft:crafting_table":4,"minecraft:leather":8,"minecraft:oak_log":60,"minecraft:gunpowder":4,"minecraft:iron_axe":2,"minecraft:bone":4,"minecraft:apple":1,"minecraft:wheat_seeds":4,"minecraft:beef":14,"minecraft:melon_slice":32,"minecraft:chest":1,"minecraft:acacia_sapling":2,"minecraft:oak_planks":1,"minecraft:book":105,"minecraft:raw_iron":1,"minecraft:stick":3,"minecraft:torch":2,"minecraft:acacia_log":7,"sophisticatedbackpacks:backpack":1,"minecraft:porkchop":10,"minecraft:dark_oak_planks":1,"minecraft:arrow":4,"minecraft:rotten_flesh":12,"minecraft:light_blue_wool":2,"minecraft:stone_axe":1,"minecraft:emerald":5,"minecraft:coal":15,"minecraft:mutton":6,"minecraft:white_wool":4,"minecraft:cobblestone":68},"minecraft:used":{"minecraft:stone_pickaxe":33,"minecraft:wooden_pickaxe":60,"minecraft:torch":2,"minecraft:crafting_table":4,"minecraft:oak_log":4,"minecraft:apple":1,"minecraft:iron_axe":2,"minecraft:melon_slice":32,"minecraft:stone_axe":246,"minecraft:beef":5,"minecraft:porkchop":3},"minecraft:dropped":{"minecraft:stone_axe":2,"minecraft:oak_log":28},"minecraft:broken":{"minecraft:iron_axe":2,"minecraft:stone_axe":2,"minecraft:wooden_pickaxe":1},"minecraft:crafted":{"minecraft:crafting_table":1,"minecraft:wooden_pickaxe":1,"minecraft:stone_axe":5,"minecraft:stick":12,"minecraft:stone_pickaxe":1,"minecraft:acacia_planks":28,"minecraft:torch":4},"minecraft:mined":{"minecraft:dark_oak_planks":2,"minecraft:acacia_leaves":1,"minecraft:glass_pane":3,"minecraft:light_blue_wool":1,"minecraft:crafting_table":5,"minecraft:acacia_log":7,"minecraft:chest":1,"minecraft:tall_grass":5,"minecraft:oak_planks":1,"minecraft:wall_torch":2,"minecraft:iron_ore":1,"biomesoplenty:lavender":7,"minecraft:grass":24,"minecraft:bookshelf":36,"minecraft:oak_log":60,"minecraft:coal_ore":15,"minecraft:stone":68,"minecraft:oak_leaves":19}},"DataVersion":3465}