{"stats":{"minecraft:killed":{"minecraft:vex":1,"minecraft:pig":5,"minecraft:vindicator":10,"minecraft:spider":3,"minecraft:creeper":2,"minecraft:sheep":4,"minecraft:skeleton":5,"minecraft:zombie":10,"minecraft:cow":7},"minecraft:killed_by":{"minecraft:vindicator":2},"minecraft:custom":{"minecraft:interact_with_furnace":15,"minecraft:mob_kills":49,"minecraft:interact_with_crafting_table":10,"minecraft:damage_dealt_resisted":73,"minecraft:leave_game":1,"minecraft:time_since_death":27197,"minecraft:sleep_in_bed":1,"minecraft:climb_one_cm":690,"minecraft:time_since_rest":27235,"minecraft:sprint_one_cm":138836,"minecraft:damage_taken":1620,"minecraft:walk_one_cm":252395,"minecraft:drop":3,"minecraft:damage_dealt":7945,"minecraft:fly_one_cm":80068,"minecraft:open_chest":3,"minecraft:crouch_one_cm":1658,"minecraft:play_time":56268,"minecraft:deaths":3,"minecraft:sneak_time":846,"minecraft:walk_under_water_one_cm":1640,"minecraft:jump":629,"minecraft:walk_on_water_one_cm":6089,"minecraft:total_world_time":56268,"minecraft:fall_one_cm":12882},"minecraft:picked_up":{"biomesoplenty:lavender":20,"minecraft:crafting_table":5,"minecraft:andesite":3,"minecraft:leather":8,"biomesoplenty:jacaranda_sapling":1,"minecraft:oak_log":65,"minecraft:gunpowder":4,"minecraft:dirt":4,"minecraft:raw_copper":25,"minecraft:iron_axe":2,"minecraft:bone":5,"minecraft:apple":1,"minecraft:bow":1,"minecraft:wheat_seeds":6,"minecraft:beef":14,"minecraft:melon_slice":32,"minecraft:chest":1,"minecraft:acacia_sapling":2,"minecraft:oak_planks":1,"minecraft:book":105,"minecraft:raw_iron":1,"minecraft:stick":3,"minecraft:torch":3,"minecraft:acacia_log":7,"minecraft:gravel":3,"sophisticatedbackpacks:backpack":1,"minecraft:porkchop":10,"minecraft:dark_oak_planks":1,"minecraft:arrow":5,"minecraft:rotten_flesh":12,"biomesoplenty:jacaranda_log":49,"minecraft:light_blue_wool":2,"minecraft:stone_axe":1,"minecraft:emerald":5,"minecraft:coal":73,"minecraft:mutton":6,"minecraft:white_wool":4,"minecraft:cobblestone":479},"minecraft:used":{"minecraft:cooked_mutton":2,"minecraft:stone_pickaxe":521,"minecraft:chest":2,"minecraft:wooden_pickaxe":60,"minecraft:torch":22,"minecraft:crafting_table":6,"minecraft:oak_log":9,"minecraft:apple":1,"minecraft:iron_axe":2,"minecraft:melon_slice":32,"minecraft:stone_axe":326,"minecraft:cobblestone":35,"minecraft:beef":5,"minecraft:furnace":7,"minecraft:porkchop":3},"minecraft:dropped":{"minecraft:stone_axe":2,"minecraft:oak_log":28},"minecraft:broken":{"minecraft:iron_axe":2,"minecraft:stone_axe":2,"minecraft:wooden_pickaxe":1,"minecraft:stone_pickaxe":4},"minecraft:crafted":{"minecraft:cooked_beef":9,"minecraft:oak_planks":112,"minecraft:crafting_table":1,"minecraft:wooden_pickaxe":1,"minecraft:furnace":7,"minecraft:copper_ingot":25,"minecraft:stone":24,"minecraft:stone_axe":5,"minecraft:cooked_mutton":6,"minecraft:air":0,"minecraft:stick":40,"minecraft:iron_ingot":1,"minecraft:stone_pickaxe":4,"minecraft:chest":2,"minecraft:acacia_planks":28,"minecraft:torch":20},"minecraft:mined":{"minecraft:dark_oak_planks":2,"biomesoplenty:jacaranda_leaves":14,"minecraft:acacia_leaves":1,"minecraft:glass_pane":3,"minecraft:light_blue_wool":1,"minecraft:crafting_table":6,"minecraft:acacia_log":7,"minecraft:grass_block":1,"minecraft:chest":1,"minecraft:copper_ore":9,"minecraft:tall_grass":5,"minecraft:cobblestone":1,"minecraft:oak_planks":1,"minecraft:wall_torch":3,"biomesoplenty:jacaranda_log":49,"minecraft:iron_ore":1,"biomesoplenty:lavender":11,"minecraft:andesite":3,"minecraft:grass":26,"minecraft:bookshelf":36,"minecraft:oak_log":65,"minecraft:coal_ore":73,"minecraft:gravel":3,"minecraft:dirt":3,"minecraft:stone":478,"minecraft:oak_leaves":19}},"DataVersion":3465}