{"stats":{"minecraft:used":{"alexsmobs:animal_dictionary":1,"minecraft:crafting_table":1},"minecraft:picked_up":{"minecraft:crafting_table":1,"minecraft:acacia_log":8},"minecraft:crafted":{"minecraft:wooden_pickaxe":1,"minecraft:acacia_planks":32},"minecraft:custom":{"minecraft:jump":17,"minecraft:time_since_rest":3427,"minecraft:damage_taken":18,"minecraft:damage_dealt":8,"minecraft:crouch_one_cm":13,"minecraft:walk_on_water_one_cm":1534,"minecraft:sprint_one_cm":7486,"minecraft:play_time":3427,"minecraft:time_since_death":3427,"minecraft:walk_one_cm":9331,"minecraft:sneak_time":11,"minecraft:total_world_time":3427,"minecraft:walk_under_water_one_cm":24,"minecraft:interact_with_crafting_table":1,"minecraft:swim_one_cm":4040,"minecraft:fly_one_cm":1036}},"DataVersion":3465}