{"stats":{"minecraft:killed_by":{"minecraft:skeleton":1},"minecraft:used":{"minecraft:sunflower":2,"minecraft:birch_planks":1,"minecraft:bread":3,"minecraft:stone_pickaxe":65,"minecraft:wooden_pickaxe":6,"minecraft:cooked_salmon":1,"minecraft:stone_axe":10,"minecraft:torch":1,"minecraft:crafting_table":4,"minecraft:furnace":1,"alexsmobs:animal_dictionary":1},"minecraft:picked_up":{"minecraft:birch_log":9,"minecraft:raw_iron":6,"minecraft:stick":2,"minecraft:crafting_table":3,"minecraft:salmon":2,"minecraft:torch":1,"minecraft:acacia_log":8,"minecraft:string":1,"minecraft:bone_meal":1,"minecraft:bread":31,"minecraft:sugar_cane":5,"minecraft:coal":40,"minecraft:furnace":1,"minecraft:cobblestone":20,"minecraft:sunflower":2},"minecraft:crafted":{"minecraft:crafting_table":2,"minecraft:wooden_pickaxe":1,"minecraft:stone_pickaxe":1,"minecraft:furnace":1,"minecraft:cooked_salmon":1,"minecraft:acacia_planks":32,"minecraft:torch":4,"minecraft:birch_planks":36,"minecraft:stone_axe":1,"minecraft:air":0},"minecraft:killed":{"minecraft:skeleton":1,"minecraft:salmon":2,"minecraft:spider":2},"minecraft:custom":{"minecraft:time_since_rest":6665,"minecraft:interact_with_furnace":2,"minecraft:sprint_one_cm":43276,"minecraft:damage_taken":578,"minecraft:walk_one_cm":60390,"minecraft:mob_kills":5,"minecraft:drop":1,"minecraft:damage_dealt":906,"minecraft:swim_one_cm":14520,"minecraft:interact_with_crafting_table":4,"minecraft:fly_one_cm":55904,"minecraft:crouch_one_cm":96,"minecraft:play_time":15427,"minecraft:deaths":1,"minecraft:sneak_time":21,"minecraft:walk_under_water_one_cm":634,"minecraft:jump":283,"minecraft:walk_on_water_one_cm":6059,"minecraft:time_since_death":6633,"minecraft:total_world_time":15427,"minecraft:climb_one_cm":64,"minecraft:fall_one_cm":9266},"minecraft:dropped":{"minecraft:wooden_pickaxe":1},"minecraft:mined":{"minecraft:furnace":1,"minecraft:iron_ore":6,"minecraft:torch":1,"minecraft:crafting_table":2,"minecraft:grass":1,"minecraft:coal_ore":22,"minecraft:sunflower":2,"minecraft:stone":20,"minecraft:sugar_cane":4,"minecraft:oak_leaves":2}},"DataVersion":3465}