{"stats":{"minecraft:custom":{"minecraft:jump":73,"minecraft:time_since_rest":29056,"minecraft:damage_taken":75,"minecraft:leave_game":4,"minecraft:play_time":29056,"minecraft:time_since_death":29056,"minecraft:sprint_one_cm":24407,"minecraft:walk_on_water_one_cm":286,"minecraft:walk_one_cm":7259,"minecraft:sneak_time":316,"minecraft:total_world_time":29056,"minecraft:fall_one_cm":209,"minecraft:fly_one_cm":166479},"minecraft:mined":{"minecraft:oak_log":1,"minecraft:oak_leaves":1},"minecraft:picked_up":{"minecraft:oak_log":1}},"DataVersion":3465}