{"stats":{"minecraft:picked_up":{"minecraft:hay_block":9,"minecraft:oak_log":1},"minecraft:custom":{"minecraft:jump":73,"minecraft:time_since_rest":29784,"minecraft:damage_taken":75,"minecraft:leave_game":4,"minecraft:time_since_death":29784,"minecraft:play_time":29784,"minecraft:sprint_one_cm":25370,"minecraft:walk_on_water_one_cm":286,"minecraft:walk_one_cm":7823,"minecraft:sneak_time":316,"minecraft:total_world_time":29784,"minecraft:fall_one_cm":209,"minecraft:fly_one_cm":166479},"minecraft:mined":{"minecraft:hay_block":10,"minecraft:grass":2,"minecraft:oak_log":1,"minecraft:oak_leaves":1}},"DataVersion":3465}