{"stats":{"minecraft:picked_up":{"minecraft:wheat_seeds":2,"minecraft:acacia_log":8},"minecraft:custom":{"minecraft:time_since_rest":4068,"minecraft:leave_game":3,"minecraft:play_time":4068,"minecraft:sprint_one_cm":6465,"minecraft:time_since_death":4068,"minecraft:walk_one_cm":2299,"minecraft:total_world_time":4068,"minecraft:fall_one_cm":627,"minecraft:drop":1,"minecraft:fly_one_cm":9475,"minecraft:jump":31},"minecraft:dropped":{"minecraft:wheat_seeds":1},"minecraft:mined":{"minecraft:grass":1,"minecraft:acacia_log":8,"minecraft:acacia_leaves":3},"minecraft:crafted":{"minecraft:acacia_planks":32,"minecraft:crafting_table":1,"minecraft:stick":4}},"DataVersion":3465}