{"stats":{"minecraft:killed_by":{"minecraft:husk":2,"minecraft:skeleton":1,"minecraft:creeper":1,"minecraft:spider":1},"minecraft:used":{"minecraft:stone_sword":40,"minecraft:stone_pickaxe":111,"minecraft:wooden_pickaxe":8,"minecraft:iron_chestplate":1,"minecraft:torch":5,"minecraft:crafting_table":8,"simplyswords:iron_katana":108,"minecraft:blast_furnace":1,"minecraft:cake":2,"minecraft:wooden_axe":27,"minecraft:iron_axe":7,"minecraft:bread":37,"minecraft:melon_slice":5,"minecraft:iron_pickaxe":140,"dynamictrees:acacia_seed":4,"simplyswords:gold_cutlass":32,"minecraft:stone_axe":19,"minecraft:cobblestone":4,"minecraft:potion":1,"minecraft:furnace":1,"minecraft:pumpkin_pie":3},"minecraft:picked_up":{"minecraft:crafting_table":11,"simplyswords:gold_cutlass":1,"minecraft:lilac":3,"minecraft:glow_ink_sac":3,"minecraft:wooden_pickaxe":1,"minecraft:potato":2,"minecraft:potion":11,"minecraft:tuff":1,"minecraft:oak_log":44,"minecraft:gunpowder":5,"minecraft:dirt":9,"minecraft:string":10,"minecraft:paper":42,"minecraft:white_banner":16,"minecraft:compass":1,"minecraft:item_frame":4,"minecraft:bone":24,"minecraft:apple":5,"minecraft:stonecutter":1,"bosses_of_mass_destruction:soul_star":1,"minecraft:wheat_seeds":10,"minecraft:cobbled_deepslate":37,"minecraft:raw_gold":14,"minecraft:bucket":3,"minecraft:iron_ingot":16,"minecraft:stone_pickaxe":3,"dynamictrees:oak_seed":45,"minecraft:spruce_slab":2,"minecraft:glass_bottle":2,"minecraft:chest":1,"minecraft:melon_slice":47,"minecraft:coal_block":9,"minecraft:oak_planks":114,"minecraft:furnace":1,"minecraft:stick":51,"minecraft:raw_iron":133,"minecraft:copper_ingot":8,"minecraft:stone_brick_slab":3,"minecraft:torch":12,"minecraft:acacia_log":8,"minecraft:porkchop":36,"dynamictrees:acacia_seed":4,"minecraft:cake":1,"minecraft:red_banner":2,"minecraft:blast_furnace":5,"minecraft:carrot":81,"alexsmobs:animal_dictionary":1,"minecraft:stone_sword":2,"minecraft:arrow":18,"minecraft:rotten_flesh":115,"minecraft:diamond":12,"minecraft:stone_axe":3,"minecraft:pumpkin_pie":6,"minecraft:hay_block":32,"minecraft:gold_ingot":13,"minecraft:glistering_melon_slice":3,"minecraft:bread":300,"minecraft:rooted_dirt":6,"alexsmobs:maggot":2,"minecraft:oak_sapling":13,"minecraft:mutton":4,"minecraft:coal":103,"minecraft:cobblestone":108},"minecraft:killed":{"minecraft:husk":32,"minecraft:pig":5,"graveyard:ghoul":1,"minecraft:spider":1,"minecraft:creeper":4,"minecraft:skeleton":24,"minecraft:zombie":18,"alexsmobs:gazelle":2,"minecraft:drowned":1},"minecraft:crafted":{"minecraft:oak_planks":48,"minecraft:cooked_porkchop":9,"minecraft:crafting_table":1,"simplyswords:iron_katana":1,"minecraft:iron_helmet":1,"minecraft:wooden_pickaxe":1,"minecraft:furnace":1,"minecraft:stone_axe":1,"minecraft:bread":96,"minecraft:air":0,"sophisticatedbackpacks:copper_backpack":1,"minecraft:iron_boots":1,"minecraft:iron_chestplate":1,"minecraft:iron_axe":1,"minecraft:iron_ingot":45,"minecraft:iron_pickaxe":1,"minecraft:stone_pickaxe":1,"minecraft:wooden_axe":1,"minecraft:stone_sword":1,"minecraft:iron_leggings":1,"minecraft:torch":4,"sophisticatedbackpacks:iron_backpack":1,"minecraft:wheat":288},"minecraft:custom":{"minecraft:interact_with_furnace":15,"minecraft:mob_kills":95,"minecraft:interact_with_crafting_table":16,"minecraft:open_barrel":15,"minecraft:interact_with_loom":1,"minecraft:interact_with_stonecutter":1,"minecraft:eat_cake_slice":6,"minecraft:leave_game":5,"minecraft:time_since_death":16225,"minecraft:sleep_in_bed":1,"minecraft:climb_one_cm":1970,"minecraft:time_since_rest":16250,"minecraft:sprint_one_cm":368066,"minecraft:damage_taken":3371,"minecraft:walk_one_cm":147427,"minecraft:drop":14,"minecraft:damage_dealt":24649,"minecraft:damage_dealt_absorbed":100,"minecraft:swim_one_cm":570,"minecraft:talked_to_villager":2,"minecraft:fly_one_cm":496883,"minecraft:open_chest":12,"minecraft:crouch_one_cm":43,"minecraft:play_time":110178,"minecraft:deaths":5,"minecraft:sneak_time":719,"minecraft:walk_under_water_one_cm":4014,"minecraft:jump":1290,"minecraft:interact_with_blast_furnace":25,"minecraft:walk_on_water_one_cm":7006,"minecraft:total_world_time":110178,"minecraft:fall_one_cm":35060},"minecraft:broken":{"simplyswords:gold_cutlass":1},"minecraft:dropped":{"alexsmobs:maggot":2,"minecraft:stone_sword":1,"minecraft:glass_bottle":1,"alexscaves:cave_tablet":8,"minecraft:rotten_flesh":42,"alexscaves:cave_book":1,"minecraft:wooden_axe":1,"minecraft:oak_sapling":13,"minecraft:arrow":1,"minecraft:wooden_pickaxe":1,"minecraft:paper":16,"minecraft:bone":1},"minecraft:mined":{"minecraft:tuff":1,"minecraft:deepslate_diamond_ore":11,"minecraft:stone_brick_slab":1,"minecraft:red_banner":1,"minecraft:crafting_table":8,"minecraft:blast_furnace":2,"minecraft:melon":4,"minecraft:coal_block":2,"minecraft:deepslate_gold_ore":9,"minecraft:wall_torch":3,"minecraft:spawner":3,"minecraft:hay_block":32,"minecraft:furnace":1,"minecraft:iron_ore":63,"minecraft:lilac":1,"minecraft:grass":8,"minecraft:deepslate_iron_ore":53,"minecraft:oak_log":1,"minecraft:coal_ore":24,"minecraft:cobweb":1,"minecraft:stonecutter":1,"minecraft:stone":48,"minecraft:gold_ore":5,"minecraft:oak_leaves":1,"minecraft:deepslate":29}},"DataVersion":3465}