{"stats":{"minecraft:picked_up":{"minecraft:oak_log":1},"minecraft:mined":{"minecraft:oak_log":1,"minecraft:oak_leaves":1},"minecraft:custom":{"minecraft:jump":31,"minecraft:time_since_rest":23841,"minecraft:walk_on_water_one_cm":286,"minecraft:damage_taken":75,"minecraft:leave_game":2,"minecraft:play_time":23841,"minecraft:sprint_one_cm":18613,"minecraft:time_since_death":23841,"minecraft:walk_one_cm":5638,"minecraft:sneak_time":224,"minecraft:total_world_time":23841,"minecraft:fall_one_cm":209,"minecraft:fly_one_cm":116795}},"DataVersion":3465}