{"stats":{"minecraft:killed_by":{"minecraft:husk":2,"minecraft:creeper":1},"minecraft:used":{"minecraft:stone_sword":40,"minecraft:stone_pickaxe":68,"minecraft:wooden_pickaxe":8,"minecraft:torch":2,"minecraft:crafting_table":5,"minecraft:cake":2,"minecraft:wooden_axe":27,"minecraft:bread":14,"minecraft:melon_slice":5,"dynamictrees:acacia_seed":4,"simplyswords:gold_cutlass":7,"minecraft:stone_axe":19,"minecraft:potion":1,"minecraft:pumpkin_pie":3},"minecraft:picked_up":{"minecraft:crafting_table":8,"simplyswords:gold_cutlass":1,"minecraft:lilac":3,"minecraft:potato":2,"minecraft:potion":11,"minecraft:oak_log":44,"minecraft:gunpowder":3,"minecraft:dirt":9,"minecraft:string":4,"minecraft:paper":42,"minecraft:white_banner":16,"minecraft:compass":1,"minecraft:item_frame":4,"minecraft:bone":11,"minecraft:apple":5,"minecraft:wheat_seeds":10,"minecraft:bucket":3,"minecraft:iron_ingot":16,"minecraft:stone_pickaxe":3,"dynamictrees:oak_seed":40,"minecraft:spruce_slab":2,"minecraft:glass_bottle":2,"minecraft:melon_slice":47,"minecraft:coal_block":8,"minecraft:oak_planks":114,"minecraft:stick":51,"minecraft:raw_iron":29,"minecraft:stone_brick_slab":3,"minecraft:torch":9,"minecraft:acacia_log":8,"minecraft:porkchop":36,"dynamictrees:acacia_seed":4,"minecraft:cake":1,"minecraft:red_banner":2,"minecraft:blast_furnace":4,"minecraft:carrot":80,"alexsmobs:animal_dictionary":1,"minecraft:stone_sword":2,"minecraft:arrow":10,"minecraft:rotten_flesh":101,"minecraft:stone_axe":3,"minecraft:pumpkin_pie":6,"minecraft:hay_block":32,"minecraft:gold_ingot":13,"minecraft:glistering_melon_slice":3,"minecraft:bread":300,"minecraft:rooted_dirt":6,"alexsmobs:maggot":2,"minecraft:mutton":4,"minecraft:coal":102,"minecraft:cobblestone":80},"minecraft:killed":{"minecraft:husk":32,"minecraft:pig":5,"graveyard:ghoul":1,"minecraft:creeper":3,"minecraft:skeleton":10,"minecraft:zombie":3,"alexsmobs:gazelle":2,"minecraft:drowned":1},"minecraft:crafted":{"minecraft:oak_planks":48,"minecraft:crafting_table":1,"minecraft:wooden_pickaxe":1,"minecraft:stone_axe":1,"minecraft:bread":96,"minecraft:stone_pickaxe":1,"minecraft:wooden_axe":1,"minecraft:stone_sword":1,"minecraft:torch":4,"minecraft:wheat":288},"minecraft:custom":{"minecraft:mob_kills":59,"minecraft:interact_with_crafting_table":5,"minecraft:open_barrel":13,"minecraft:interact_with_loom":1,"minecraft:eat_cake_slice":6,"minecraft:leave_game":5,"minecraft:time_since_death":6225,"minecraft:sleep_in_bed":1,"minecraft:climb_one_cm":614,"minecraft:time_since_rest":6253,"minecraft:sprint_one_cm":199986,"minecraft:damage_taken":1890,"minecraft:walk_one_cm":88454,"minecraft:drop":6,"minecraft:damage_dealt":17481,"minecraft:talked_to_villager":2,"minecraft:fly_one_cm":258742,"minecraft:open_chest":6,"minecraft:crouch_one_cm":43,"minecraft:play_time":74178,"minecraft:deaths":3,"minecraft:sneak_time":373,"minecraft:walk_under_water_one_cm":17,"minecraft:jump":596,"minecraft:interact_with_blast_furnace":6,"minecraft:walk_on_water_one_cm":1670,"minecraft:total_world_time":74178,"minecraft:fall_one_cm":11000},"minecraft:dropped":{"alexsmobs:maggot":2,"minecraft:stone_sword":1,"minecraft:glass_bottle":1,"minecraft:rotten_flesh":38,"minecraft:wooden_axe":1,"minecraft:wooden_pickaxe":1},"minecraft:mined":{"minecraft:stone_brick_slab":1,"minecraft:red_banner":1,"minecraft:crafting_table":5,"minecraft:blast_furnace":1,"minecraft:melon":4,"minecraft:coal_block":2,"minecraft:spawner":1,"minecraft:hay_block":32,"minecraft:iron_ore":11,"minecraft:lilac":1,"minecraft:grass":8,"minecraft:oak_log":1,"minecraft:coal_ore":24,"minecraft:stone":33,"minecraft:oak_leaves":1}},"DataVersion":3465}