{"stats":{"minecraft:used":{"minecraft:stone_pickaxe":20,"minecraft:wooden_pickaxe":14,"minecraft:dirt":3,"minecraft:crafting_table":4,"minecraft:white_bed":2,"minecraft:oak_log":10,"minecraft:wooden_axe":40,"biomesoplenty:redwood_wood":1,"minecraft:melon_slice":37,"minecraft:stone_axe":178,"minecraft:cobblestone":1,"minecraft:beef":11},"minecraft:custom":{"minecraft:mob_kills":75,"minecraft:interact_with_anvil":1,"minecraft:interact_with_crafting_table":5,"minecraft:damage_dealt_resisted":317,"minecraft:time_since_death":513,"minecraft:leave_game":6,"minecraft:sleep_in_bed":1,"minecraft:time_since_rest":539,"minecraft:sprint_one_cm":245844,"minecraft:damage_taken":2800,"minecraft:walk_one_cm":82120,"minecraft:drop":5,"minecraft:damage_dealt":8640,"minecraft:swim_one_cm":1689,"minecraft:fly_one_cm":226987,"minecraft:open_chest":3,"minecraft:crouch_one_cm":527,"minecraft:play_time":43123,"minecraft:deaths":9,"minecraft:sneak_time":101,"minecraft:walk_under_water_one_cm":294,"minecraft:jump":995,"minecraft:walk_on_water_one_cm":551,"minecraft:total_world_time":43123,"minecraft:fall_one_cm":15705},"minecraft:killed_by":{"minecraft:vindicator":7,"minecraft:zombie":1,"minecraft:vex":1},"minecraft:mined":{"minecraft:dark_oak_planks":4,"minecraft:acacia_leaves":4,"minecraft:glass_pane":3,"minecraft:light_blue_wool":2,"minecraft:crafting_table":3,"minecraft:acacia_log":17,"minecraft:grass_block":1,"minecraft:melon":17,"minecraft:cobblestone":1,"minecraft:large_fern":2,"minecraft:spore_blossom":1,"biomesoplenty:tall_lavender":1,"biomesoplenty:lavender":1,"minecraft:pumpkin":24,"minecraft:grass":19,"minecraft:oak_log":4,"minecraft:coal_ore":25,"minecraft:stone":6,"biomesoplenty:redwood_wood":1,"minecraft:fern":10},"minecraft:picked_up":{"biomesoplenty:lavender":1,"minecraft:crafting_table":4,"minecraft:feather":22,"minecraft:chicken":26,"minecraft:leather":3,"minecraft:oak_log":31,"minecraft:gunpowder":3,"minecraft:string":2,"minecraft:dirt":18,"minecraft:iron_axe":1,"biomesoplenty:tall_lavender":4,"minecraft:bone":4,"minecraft:wheat_seeds":4,"minecraft:spore_blossom":1,"minecraft:beef":11,"biomesoplenty:redwood_wood":1,"minecraft:melon_slice":87,"minecraft:pumpkin":24,"minecraft:acacia_log":17,"sophisticatedbackpacks:backpack":1,"minecraft:porkchop":33,"minecraft:dark_oak_planks":5,"minecraft:arrow":4,"minecraft:rotten_flesh":5,"minecraft:light_blue_wool":1,"minecraft:stone_axe":1,"minecraft:totem_of_undying":1,"minecraft:emerald":7,"sophisticatedbackpacks:copper_backpack":1,"minecraft:oak_sapling":1,"minecraft:mutton":13,"minecraft:coal":25,"minecraft:white_wool":8,"minecraft:cobblestone":7},"minecraft:broken":{"minecraft:stone_axe":1,"minecraft:wooden_axe":1},"minecraft:crafted":{"minecraft:crafting_table":1,"minecraft:wooden_pickaxe":1,"minecraft:stone_axe":1,"minecraft:stick":12,"minecraft:stone_pickaxe":1,"minecraft:wooden_axe":1,"minecraft:white_bed":2,"minecraft:acacia_planks":32,"minecraft:torch":4},"minecraft:dropped":{"minecraft:wheat_seeds":1,"sophisticatedbackpacks:backpack":1,"minecraft:emerald":1,"minecraft:melon_slice":32,"minecraft:iron_axe":1},"minecraft:killed":{"minecraft:evoker":1,"minecraft:pig":16,"minecraft:zombie_villager":1,"minecraft:vindicator":5,"minecraft:creeper":3,"minecraft:sheep":8,"minecraft:skeleton":3,"minecraft:zombie":6,"minecraft:chicken":26,"minecraft:cow":6}},"DataVersion":3465}