{"stats":{"minecraft:picked_up":{"alexscaves:tough_hide":1,"alexscaves:rock_candy_orange":157,"minecraft:coarse_dirt":1,"minecraft:crafting_table":6,"minecraft:wheat":3,"minecraft:redstone_block":7,"minecraft:chicken":36,"minecraft:redstone_lamp":12,"minecraft:lead":9,"minecraft:pink_wool":1,"minecraft:wooden_pickaxe":1,"alexscaves:cave_tablet":12,"minecraft:oak_stairs":3,"minecraft:potion":4,"minecraft:enchanted_book":9,"alexscaves:peppermint_powder":7,"minecraft:raw_copper":9,"minecraft:string":6,"minecraft:compass":2,"minecraft:iron_axe":1,"create:limestone":1,"biomesoplenty:tall_lavender":6,"minecraft:sticky_piston":10,"alexscaves:dinosaur_chop":1,"bosses_of_mass_destruction:soul_star":1,"alexscaves:rock_candy_white":68,"minecraft:smooth_stone":5,"minecraft:cobbled_deepslate":18,"minecraft:comparator":4,"minecraft:echo_shard":7,"minecraft:beef":26,"minecraft:light_gray_wool":1,"dynamictrees:oak_seed":7,"biomesoplenty:wildflower":9,"biomesoplenty:redwood_wood":1,"minecraft:deepslate_tile_wall":3,"minecraft:melon_slice":187,"minecraft:chest":19,"alexscaves:flytrap":1,"minecraft:diamond_hoe":1,"minecraft:furnace":10,"minecraft:stick":9,"minecraft:raw_iron":165,"minecraft:oak_door":3,"minecraft:torch":82,"minecraft:acacia_log":17,"sophisticatedbackpacks:backpack":1,"minecraft:porkchop":33,"minecraft:target":2,"minecraft:diorite":10,"minecraft:redstone":37,"alexsmobs:leafcutter_ant_pupa":1,"minecraft:dark_oak_planks":5,"minecraft:arrow":20,"minecraft:rotten_flesh":34,"biomesoplenty:jacaranda_log":80,"minecraft:light_blue_wool":1,"minecraft:vex_armor_trim_smithing_template":1,"minecraft:hay_block":29,"alexscaves:block_of_chocolate":1,"minecraft:cracked_deepslate_bricks":1,"minecraft:saddle":2,"minecraft:ward_armor_trim_smithing_template":1,"minecraft:gold_ingot":4,"minecraft:totem_of_undying":4,"sophisticatedbackpacks:copper_backpack":1,"minecraft:mutton":38,"minecraft:white_wool":28,"minecraft:cobblestone":172,"biomesoplenty:lavender":27,"alexscaves:rock_candy_red":307,"mowziesmobs:umvuthana_mask_fury":1,"minecraft:feather":53,"minecraft:repeater":6,"minecraft:leather":20,"alexscaves:cave_book":1,"minecraft:filled_map":2,"create:raw_zinc":1,"minecraft:tuff":581,"minecraft:oak_log":40,"minecraft:gunpowder":3,"minecraft:lapis_lazuli":31,"minecraft:paper":2,"minecraft:dirt":62,"minecraft:name_tag":4,"minecraft:coast_armor_trim_smithing_template":2,"minecraft:bone":96,"alexscaves:rock_candy_yellow":197,"minecraft:bow":1,"minecraft:wheat_seeds":18,"minecraft:cobbled_deepslate_slab":1,"minecraft:raw_gold":3,"minecraft:spore_blossom":1,"minecraft:iron_ingot":36,"minecraft:acacia_sapling":2,"minecraft:book":133,"minecraft:sculk_catalyst":2,"minecraft:pumpkin":48,"minecraft:sculk":20,"minecraft:gravel":5,"minecraft:amethyst_shard":19,"minecraft:soul_torch":39,"minecraft:blast_furnace":1,"minecraft:white_bed":1,"minecraft:spider_eye":2,"alexsmobs:animal_dictionary":5,"minecraft:sculk_sensor":5,"create:crimsite":3,"minecraft:diamond":6,"minecraft:stone_axe":2,"minecraft:granite":4,"minecraft:bone_meal":104,"minecraft:black_wool":1,"minecraft:emerald":34,"minecraft:oak_sapling":3,"minecraft:coal":232},"minecraft:dropped":{"minecraft:enchanted_book":2,"minecraft:wheat_seeds":2,"minecraft:glass_bottle":1,"minecraft:feather":2,"biomesoplenty:lavender":6,"minecraft:diamond_leggings":1,"minecraft:lead":3,"minecraft:leather":8,"create:crimsite":2,"minecraft:saddle":1,"minecraft:coal":40,"minecraft:emerald":6,"minecraft:redstone_lamp":4,"minecraft:melon_slice":32,"minecraft:potion":2,"minecraft:iron_axe":1,"minecraft:white_wool":4,"minecraft:acacia_planks":10,"minecraft:redstone_block":2,"minecraft:redstone":3,"alexsmobs:animal_dictionary":3,"minecraft:bowl":1,"alexscaves:cave_tablet":93,"minecraft:tuff":128,"minecraft:diamond_hoe":1,"minecraft:comparator":2,"sophisticatedbackpacks:backpack":1,"minecraft:cooked_mutton":13,"minecraft:totem_of_undying":2,"minecraft:chest":2,"minecraft:wooden_pickaxe":1},"minecraft:used":{"create:limestone":1,"minecraft:diamond_hoe":36,"minecraft:chest":22,"dynamictrees:oak_seed":1,"minecraft:cooked_chicken":14,"minecraft:oak_door":4,"minecraft:torch":42,"minecraft:dirt":23,"minecraft:mutton":7,"simplyswords:iron_katana":212,"minecraft:tuff":11,"minecraft:wooden_axe":40,"minecraft:dark_oak_planks":5,"alexscaves:block_of_chocolate":1,"minecraft:oak_stairs":22,"biomesoplenty:redwood_wood":1,"minecraft:iron_helmet":3,"minecraft:beef":17,"minecraft:furnace":9,"minecraft:cobbled_deepslate":3,"minecraft:dark_oak_sapling":4,"minecraft:diorite":6,"alexscaves:dinosaur_chop":1,"minecraft:stone_pickaxe":56,"minecraft:baked_potato":12,"create:crimsite":1,"minecraft:wooden_pickaxe":14,"minecraft:redstone_block":1,"minecraft:oak_leaves":32,"alexscaves:rock_candy_red":7,"minecraft:crafting_table":6,"alexscaves:cave_book":1,"minecraft:blast_furnace":2,"minecraft:white_bed":3,"minecraft:oak_log":10,"minecraft:chicken":1,"minecraft:melon_slice":83,"minecraft:iron_pickaxe":1059,"minecraft:suspicious_stew":1,"minecraft:stone_axe":263,"minecraft:cobblestone":199,"minecraft:potion":2,"alexscaves:peppermint_powder":3,"mowziesmobs:umvuthana_mask_fury":6,"minecraft:cooked_porkchop":1,"minecraft:soul_torch":1,"minecraft:bone_meal":2,"minecraft:experience_bottle":18},"minecraft:killed_by":{"minecraft:vindicator":7,"minecraft:zombie":1,"minecraft:vex":1},"minecraft:killed":{"minecraft:evoker":1,"minecraft:vindicator":5,"minecraft:spider":4,"minecraft:skeleton":4,"alexsmobs:leafcutter_ant":1,"minecraft:chicken":29,"minecraft:pig":16,"minecraft:zombie_villager":1,"mowziesmobs:umvuthana_follower_raptor":2,"minecraft:creeper":3,"minecraft:sheep":24,"minecraft:zombie":30,"alexscaves:subterranodon":1,"alexsmobs:fly":1,"alexscaves:vallumraptor":2,"alexscaves:grottoceratops":1,"mowziesmobs:umvuthana_raptor":1,"minecraft:cow":13},"minecraft:custom":{"minecraft:mob_kills":142,"minecraft:interact_with_anvil":1,"minecraft:open_barrel":1,"minecraft:interact_with_crafting_table":40,"minecraft:damage_dealt_resisted":317,"minecraft:leave_game":7,"minecraft:time_since_death":328,"minecraft:climb_one_cm":958,"minecraft:sprint_one_cm":790532,"minecraft:walk_one_cm":351014,"minecraft:drop":55,"minecraft:play_time":222506,"minecraft:deaths":11,"minecraft:sneak_time":6594,"minecraft:walk_under_water_one_cm":10396,"minecraft:jump":3338,"minecraft:interact_with_blast_furnace":51,"minecraft:walk_on_water_one_cm":31589,"minecraft:total_world_time":222506,"minecraft:interact_with_furnace":53,"minecraft:interact_with_loom":6,"minecraft:sleep_in_bed":1,"minecraft:time_since_rest":357,"minecraft:damage_taken":4859,"minecraft:damage_dealt":18446,"minecraft:swim_one_cm":31652,"minecraft:fly_one_cm":917677,"minecraft:open_chest":260,"minecraft:crouch_one_cm":19933,"minecraft:fall_one_cm":68896},"minecraft:crafted":{"minecraft:raw_iron":9,"minecraft:oak_door":3,"minecraft:smooth_stone":8,"minecraft:oak_planks":120,"simplyswords:iron_katana":1,"minecraft:diamond_hoe":1,"minecraft:cooked_chicken":27,"minecraft:furnace":2,"minecraft:blast_furnace":1,"minecraft:stone":8,"minecraft:bone_meal":54,"sophisticatedbackpacks:crafting_upgrade":1,"minecraft:cooked_mutton":21,"sophisticatedbackpacks:smelting_upgrade":1,"minecraft:stone_pickaxe":1,"minecraft:chest":6,"minecraft:copper_block":8,"minecraft:wheat":261,"sophisticatedbackpacks:iron_backpack":1,"minecraft:coal_block":9,"minecraft:cooked_porkchop":40,"minecraft:crafting_table":3,"minecraft:baked_potato":9,"minecraft:iron_helmet":1,"minecraft:wooden_pickaxe":1,"minecraft:copper_ingot":38,"minecraft:stone_axe":2,"sophisticatedbackpacks:upgrade_base":2,"minecraft:bread":87,"minecraft:air":0,"minecraft:iron_chestplate":1,"minecraft:stick":68,"minecraft:iron_ingot":219,"minecraft:iron_pickaxe":2,"minecraft:oak_stairs":24,"minecraft:wooden_axe":1,"minecraft:iron_block":27,"minecraft:gold_ingot":16,"minecraft:white_bed":2,"minecraft:acacia_planks":68,"minecraft:torch":80,"create:zinc_ingot":10},"minecraft:broken":{"minecraft:stone_axe":2,"minecraft:iron_pickaxe":4,"minecraft:wooden_axe":1},"minecraft:mined":{"minecraft:dark_oak_planks":4,"create:zinc_ore":1,"minecraft:tuff":3,"minecraft:white_bed":2,"minecraft:light_blue_wool":2,"minecraft:deepslate_diamond_ore":6,"minecraft:oak_door":2,"alexsmobs:leafcutter_anthill":1,"biomesoplenty:desert_grass":9,"minecraft:granite":4,"alexscaves:rock_candy_white":68,"minecraft:cobbled_deepslate_slab":1,"minecraft:grass_block":35,"minecraft:acacia_log":17,"minecraft:deepslate_tile_wall":1,"minecraft:redstone_wire":3,"minecraft:hay_block":29,"minecraft:large_fern":2,"minecraft:spore_blossom":1,"biomesoplenty:tall_lavender":2,"minecraft:furnace":3,"minecraft:iron_ore":91,"minecraft:sticky_piston":5,"minecraft:cobbled_deepslate":4,"biomesoplenty:lavender":7,"minecraft:target":1,"minecraft:pumpkin":24,"alexscaves:rock_candy_red":309,"minecraft:sculk_shrieker":10,"alexscaves:rock_candy_orange":169,"biomesoplenty:high_grass":3,"minecraft:oak_stairs":3,"minecraft:deepslate_iron_ore":11,"alexscaves:curly_fern":1,"alexscaves:rock_candy_yellow":197,"minecraft:stone":97,"create:limestone":1,"alexscaves:stripped_candy_cane_block":7,"minecraft:soul_wall_torch":1,"minecraft:acacia_leaves":4,"minecraft:redstone_block":3,"minecraft:glass_pane":3,"biomesoplenty:wildflower":10,"alexscaves:dinosaur_chop":1,"alexscaves:flytrap":1,"minecraft:crafting_table":4,"minecraft:torch":6,"minecraft:blast_furnace":1,"minecraft:emerald_ore":2,"minecraft:melon":37,"minecraft:chest":17,"biomesoplenty:high_grass_plant":1,"minecraft:sculk_sensor":1,"minecraft:cobblestone":32,"minecraft:cracked_deepslate_bricks":1,"alexscaves:block_of_frosted_chocolate":1,"minecraft:diorite":10,"minecraft:wall_torch":10,"minecraft:repeater":3,"minecraft:coarse_dirt":1,"minecraft:grass":50,"minecraft:coal_ore":52,"minecraft:oak_log":5,"minecraft:gravel":1,"minecraft:dirt":5,"minecraft:oak_leaves":35,"minecraft:fern":13,"create:crimsite":1,"biomesoplenty:redwood_wood":1,"minecraft:deepslate_emerald_ore":1,"minecraft:deepslate":15,"minecraft:redstone_lamp":4}},"DataVersion":3465}