{"stats":{"minecraft:killed_by":{"minecraft:husk":2,"minecraft:skeleton":1,"minecraft:creeper":1},"minecraft:used":{"minecraft:stone_sword":40,"minecraft:stone_pickaxe":111,"minecraft:wooden_pickaxe":8,"minecraft:iron_chestplate":1,"minecraft:torch":2,"minecraft:crafting_table":6,"simplyswords:iron_katana":4,"minecraft:blast_furnace":1,"minecraft:cake":2,"minecraft:wooden_axe":27,"minecraft:iron_axe":1,"minecraft:bread":22,"minecraft:melon_slice":5,"minecraft:iron_pickaxe":37,"dynamictrees:acacia_seed":4,"simplyswords:gold_cutlass":32,"minecraft:stone_axe":19,"minecraft:potion":1,"minecraft:furnace":1,"minecraft:pumpkin_pie":3},"minecraft:picked_up":{"minecraft:crafting_table":9,"simplyswords:gold_cutlass":1,"minecraft:lilac":3,"minecraft:potato":2,"minecraft:potion":11,"minecraft:oak_log":44,"minecraft:gunpowder":5,"minecraft:dirt":9,"minecraft:string":7,"minecraft:paper":42,"minecraft:white_banner":16,"minecraft:compass":1,"minecraft:item_frame":4,"minecraft:bone":16,"minecraft:apple":5,"minecraft:wheat_seeds":10,"minecraft:raw_gold":11,"minecraft:bucket":3,"minecraft:iron_ingot":16,"minecraft:stone_pickaxe":3,"dynamictrees:oak_seed":40,"minecraft:spruce_slab":2,"minecraft:glass_bottle":2,"minecraft:melon_slice":47,"minecraft:coal_block":9,"minecraft:oak_planks":114,"minecraft:furnace":1,"minecraft:stick":51,"minecraft:raw_iron":83,"minecraft:stone_brick_slab":3,"minecraft:torch":9,"minecraft:acacia_log":8,"minecraft:porkchop":36,"dynamictrees:acacia_seed":4,"minecraft:cake":1,"minecraft:red_banner":2,"minecraft:blast_furnace":5,"minecraft:carrot":80,"alexsmobs:animal_dictionary":1,"minecraft:stone_sword":2,"minecraft:arrow":12,"minecraft:rotten_flesh":101,"minecraft:stone_axe":3,"minecraft:pumpkin_pie":6,"minecraft:hay_block":32,"minecraft:gold_ingot":13,"minecraft:glistering_melon_slice":3,"minecraft:bread":300,"minecraft:rooted_dirt":6,"alexsmobs:maggot":2,"minecraft:mutton":4,"minecraft:coal":103,"minecraft:cobblestone":93},"minecraft:killed":{"minecraft:husk":32,"minecraft:pig":5,"graveyard:ghoul":1,"minecraft:creeper":4,"minecraft:skeleton":13,"minecraft:zombie":4,"alexsmobs:gazelle":2,"minecraft:drowned":1},"minecraft:crafted":{"minecraft:oak_planks":48,"minecraft:cooked_porkchop":9,"minecraft:crafting_table":1,"simplyswords:iron_katana":1,"minecraft:iron_helmet":1,"minecraft:wooden_pickaxe":1,"minecraft:furnace":1,"minecraft:stone_axe":1,"minecraft:bread":96,"minecraft:air":0,"minecraft:iron_boots":1,"minecraft:iron_chestplate":1,"minecraft:iron_axe":1,"minecraft:iron_ingot":45,"minecraft:iron_pickaxe":1,"minecraft:stone_pickaxe":1,"minecraft:wooden_axe":1,"minecraft:stone_sword":1,"minecraft:iron_leggings":1,"minecraft:torch":4,"minecraft:wheat":288},"minecraft:custom":{"minecraft:interact_with_furnace":15,"minecraft:mob_kills":66,"minecraft:interact_with_crafting_table":12,"minecraft:open_barrel":13,"minecraft:interact_with_loom":1,"minecraft:eat_cake_slice":6,"minecraft:leave_game":5,"minecraft:time_since_death":9153,"minecraft:sleep_in_bed":1,"minecraft:climb_one_cm":614,"minecraft:time_since_rest":9177,"minecraft:sprint_one_cm":246436,"minecraft:damage_taken":2510,"minecraft:walk_one_cm":108965,"minecraft:drop":6,"minecraft:damage_dealt":18751,"minecraft:talked_to_villager":2,"minecraft:fly_one_cm":283669,"minecraft:open_chest":6,"minecraft:crouch_one_cm":43,"minecraft:play_time":86178,"minecraft:deaths":4,"minecraft:sneak_time":379,"minecraft:walk_under_water_one_cm":17,"minecraft:jump":740,"minecraft:interact_with_blast_furnace":25,"minecraft:walk_on_water_one_cm":3227,"minecraft:total_world_time":86178,"minecraft:fall_one_cm":16859},"minecraft:broken":{"simplyswords:gold_cutlass":1},"minecraft:dropped":{"alexsmobs:maggot":2,"minecraft:stone_sword":1,"minecraft:glass_bottle":1,"minecraft:rotten_flesh":38,"minecraft:wooden_axe":1,"minecraft:wooden_pickaxe":1},"minecraft:mined":{"minecraft:stone_brick_slab":1,"minecraft:red_banner":1,"minecraft:crafting_table":6,"minecraft:blast_furnace":2,"minecraft:melon":4,"minecraft:coal_block":2,"minecraft:deepslate_gold_ore":6,"minecraft:spawner":1,"minecraft:hay_block":32,"minecraft:furnace":1,"minecraft:iron_ore":53,"minecraft:lilac":1,"minecraft:grass":8,"minecraft:deepslate_iron_ore":13,"minecraft:oak_log":1,"minecraft:coal_ore":24,"minecraft:stone":45,"minecraft:gold_ore":5,"minecraft:oak_leaves":1}},"DataVersion":3465}