{"stats":{"minecraft:killed_by":{"minecraft:husk":2,"minecraft:creeper":1,"minecraft:spider":1,"minecraft:skeleton":1},"minecraft:used":{"minecraft:stone_sword":40,"minecraft:chest":2,"minecraft:iron_chestplate":1,"minecraft:torch":10,"simplyswords:iron_katana":114,"minecraft:wooden_axe":27,"minecraft:iron_axe":46,"minecraft:stone_brick_stairs":2,"minecraft:furnace":3,"minecraft:cobbled_deepslate":46,"minecraft:jungle_fence":2,"minecraft:stone_pickaxe":111,"minecraft:oak_planks":7,"minecraft:wooden_pickaxe":8,"minecraft:crafting_table":8,"minecraft:blast_furnace":2,"minecraft:cake":2,"minecraft:melon_slice":5,"minecraft:bread":46,"minecraft:iron_pickaxe":236,"dynamictrees:acacia_seed":4,"simplyswords:gold_cutlass":32,"minecraft:stone_axe":19,"minecraft:potion":1,"minecraft:cobblestone":15,"minecraft:andesite":2,"minecraft:pumpkin_pie":3},"minecraft:picked_up":{"minecraft:crafting_table":11,"simplyswords:gold_cutlass":1,"minecraft:wooden_pickaxe":1,"minecraft:potion":11,"minecraft:stone_brick_stairs":3,"minecraft:string":10,"minecraft:item_frame":4,"minecraft:compass":1,"minecraft:smooth_stone":1,"minecraft:cobbled_deepslate":88,"bosses_of_mass_destruction:soul_star":1,"minecraft:bucket":3,"minecraft:beef":15,"dynamictrees:oak_seed":50,"minecraft:spruce_slab":2,"minecraft:melon_slice":47,"minecraft:coal_block":9,"minecraft:chest":1,"minecraft:furnace":2,"minecraft:raw_iron":133,"minecraft:stick":75,"minecraft:stone":5,"minecraft:copper_ingot":8,"minecraft:torch":15,"minecraft:acacia_log":8,"minecraft:porkchop":36,"minecraft:cake":1,"minecraft:carrot":81,"minecraft:redstone":9,"minecraft:stone_sword":2,"minecraft:arrow":18,"minecraft:rotten_flesh":118,"minecraft:pumpkin_pie":6,"minecraft:hay_block":32,"minecraft:glistering_melon_slice":3,"minecraft:gold_ingot":13,"minecraft:mutton":14,"minecraft:white_wool":7,"minecraft:cobblestone":115,"minecraft:lilac":3,"minecraft:glow_ink_sac":3,"minecraft:andesite":6,"minecraft:leather":11,"minecraft:jungle_fence":4,"minecraft:potato":2,"minecraft:tuff":1,"minecraft:oak_log":54,"minecraft:gunpowder":5,"minecraft:dirt":9,"minecraft:paper":42,"minecraft:white_banner":16,"minecraft:bone":24,"minecraft:apple":5,"minecraft:stonecutter":1,"minecraft:wheat_seeds":10,"minecraft:raw_gold":20,"minecraft:stone_pickaxe":3,"minecraft:iron_ingot":16,"minecraft:glass_bottle":2,"minecraft:oak_planks":121,"minecraft:stone_brick_slab":3,"minecraft:sand":13,"dynamictrees:acacia_seed":4,"minecraft:red_banner":2,"minecraft:blast_furnace":5,"alexsmobs:animal_dictionary":1,"minecraft:diamond":12,"minecraft:stone_axe":3,"minecraft:bread":300,"alexsmobs:maggot":2,"minecraft:rooted_dirt":6,"minecraft:oak_sapling":13,"minecraft:coal":162},"minecraft:killed":{"minecraft:spider":1,"minecraft:skeleton":24,"minecraft:drowned":1,"minecraft:husk":32,"minecraft:pig":5,"graveyard:ghoul":1,"minecraft:creeper":4,"minecraft:sheep":7,"minecraft:zombie":20,"alexsmobs:gazelle":2,"minecraft:cow":8},"minecraft:crafted":{"minecraft:smooth_stone":6,"minecraft:oak_planks":48,"simplyswords:iron_katana":1,"minecraft:furnace":3,"minecraft:blast_furnace":1,"sophisticatedbackpacks:crafting_upgrade":1,"sophisticatedbackpacks:smelting_upgrade":1,"minecraft:iron_boots":1,"sophisticatedbackpacks:copper_backpack":1,"minecraft:iron_axe":1,"minecraft:stone_pickaxe":1,"minecraft:chest":2,"minecraft:wheat":288,"sophisticatedbackpacks:iron_backpack":1,"minecraft:cooked_porkchop":9,"minecraft:crafting_table":1,"minecraft:wooden_pickaxe":1,"minecraft:iron_helmet":1,"sophisticatedbackpacks:gold_backpack":1,"minecraft:stone_axe":1,"sophisticatedbackpacks:upgrade_base":4,"minecraft:bread":96,"minecraft:air":0,"minecraft:iron_chestplate":1,"minecraft:diamond_pickaxe":1,"sophisticatedbackpacks:diamond_backpack":1,"sophisticatedbackpacks:stonecutter_upgrade":1,"minecraft:iron_ingot":109,"minecraft:iron_pickaxe":1,"minecraft:wooden_axe":1,"minecraft:stone_sword":1,"sophisticatedbackpacks:smoking_upgrade":1,"minecraft:iron_leggings":1,"sophisticatedbackpacks:blasting_upgrade":1,"minecraft:torch":4},"minecraft:custom":{"minecraft:mob_kills":112,"minecraft:interact_with_crafting_table":34,"minecraft:open_barrel":15,"minecraft:eat_cake_slice":6,"minecraft:leave_game":5,"minecraft:time_since_death":1440,"minecraft:climb_one_cm":7419,"minecraft:sprint_one_cm":493681,"minecraft:walk_one_cm":181659,"minecraft:drop":17,"minecraft:damage_dealt_absorbed":100,"minecraft:talked_to_villager":2,"minecraft:play_time":164178,"minecraft:deaths":7,"minecraft:sneak_time":1525,"minecraft:walk_under_water_one_cm":4786,"minecraft:interact_with_lectern":1,"minecraft:jump":1874,"minecraft:interact_with_blast_furnace":36,"minecraft:walk_on_water_one_cm":14758,"minecraft:total_world_time":164178,"minecraft:interact_with_furnace":23,"minecraft:interact_with_loom":2,"minecraft:interact_with_stonecutter":1,"minecraft:sleep_in_bed":1,"minecraft:time_since_rest":1464,"minecraft:damage_taken":4007,"minecraft:damage_dealt":26469,"minecraft:swim_one_cm":4844,"minecraft:fly_one_cm":695907,"minecraft:open_chest":37,"minecraft:crouch_one_cm":1844,"minecraft:fall_one_cm":56667},"minecraft:broken":{"simplyswords:gold_cutlass":1},"minecraft:dropped":{"minecraft:glass_bottle":1,"minecraft:jungle_fence":2,"minecraft:wooden_axe":1,"minecraft:paper":16,"minecraft:bone":1,"alexsmobs:maggot":2,"minecraft:stone_sword":1,"alexscaves:cave_tablet":8,"minecraft:rotten_flesh":42,"alexscaves:cave_book":1,"minecraft:oak_sapling":13,"minecraft:arrow":5,"minecraft:wooden_pickaxe":1,"minecraft:stone_brick_stairs":1},"minecraft:mined":{"minecraft:tuff":1,"minecraft:deepslate_diamond_ore":11,"minecraft:allium":1,"minecraft:coal_block":2,"minecraft:spawner":3,"minecraft:hay_block":32,"minecraft:furnace":2,"minecraft:iron_ore":63,"minecraft:andesite":6,"minecraft:deepslate_iron_ore":53,"minecraft:stone":57,"minecraft:deepslate_redstone_ore":2,"minecraft:lily_of_the_valley":1,"minecraft:stone_brick_slab":1,"minecraft:red_banner":1,"minecraft:torch":1,"minecraft:crafting_table":8,"minecraft:blast_furnace":2,"minecraft:melon":4,"minecraft:deepslate_gold_ore":15,"minecraft:oak_planks":7,"minecraft:sugar_cane":1,"minecraft:wall_torch":5,"minecraft:birch_log":1,"minecraft:lilac":1,"minecraft:jungle_fence":2,"minecraft:stone_brick_stairs":2,"minecraft:grass":12,"minecraft:coal_ore":44,"minecraft:oak_log":1,"minecraft:sand":13,"minecraft:cobweb":1,"minecraft:stonecutter":1,"minecraft:gold_ore":5,"minecraft:oak_leaves":1,"minecraft:deepslate":78}},"DataVersion":3465}