{"stats":{"minecraft:used":{"minecraft:wooden_axe":19,"minecraft:bread":3,"minecraft:wooden_pickaxe":2,"minecraft:crafting_table":2},"minecraft:picked_up":{"minecraft:stick":21,"minecraft:crafting_table":2,"minecraft:stone_brick_slab":1,"minecraft:porkchop":7,"minecraft:oak_log":20,"minecraft:gunpowder":1,"minecraft:rotten_flesh":1,"minecraft:wheat_seeds":5,"minecraft:hay_block":32,"dynamictrees:oak_seed":10,"minecraft:melon_slice":19},"minecraft:killed":{"minecraft:zombie":1,"minecraft:pig":4,"graveyard:ghoul":1,"minecraft:drowned":1,"minecraft:creeper":1},"minecraft:crafted":{"minecraft:oak_planks":48,"minecraft:crafting_table":1,"minecraft:wooden_pickaxe":1,"minecraft:wooden_axe":1,"minecraft:bread":96,"minecraft:wheat":288},"minecraft:custom":{"minecraft:time_since_rest":41557,"minecraft:sprint_one_cm":81052,"minecraft:damage_taken":130,"minecraft:walk_one_cm":20294,"minecraft:mob_kills":9,"minecraft:damage_dealt":1408,"minecraft:interact_with_crafting_table":3,"minecraft:talked_to_villager":2,"minecraft:fly_one_cm":187941,"minecraft:open_chest":2,"minecraft:play_time":41557,"minecraft:sneak_time":317,"minecraft:jump":184,"minecraft:leave_game":5,"minecraft:time_since_death":41557,"minecraft:walk_on_water_one_cm":1101,"minecraft:total_world_time":41557,"minecraft:fall_one_cm":1463},"minecraft:mined":{"minecraft:hay_block":32,"minecraft:stone_brick_slab":1,"minecraft:crafting_table":2,"minecraft:grass":6,"minecraft:oak_log":1,"minecraft:melon":4,"minecraft:oak_leaves":1}},"DataVersion":3465}