{"stats":{"minecraft:custom":{"minecraft:time_since_rest":2288,"minecraft:leave_game":1,"minecraft:play_time":2288,"minecraft:sprint_one_cm":4579,"minecraft:time_since_death":2288,"minecraft:walk_one_cm":1253,"minecraft:total_world_time":2288,"minecraft:drop":1,"minecraft:fall_one_cm":627,"minecraft:fly_one_cm":8973,"minecraft:jump":28},"minecraft:picked_up":{"minecraft:wheat_seeds":1,"minecraft:acacia_log":8},"minecraft:dropped":{"minecraft:wheat_seeds":1},"minecraft:mined":{"minecraft:grass":1,"minecraft:acacia_log":8,"minecraft:acacia_leaves":3},"minecraft:crafted":{"minecraft:acacia_planks":32,"minecraft:crafting_table":1,"minecraft:stick":4}},"DataVersion":3465}