{"stats":{"minecraft:killed_by":{"minecraft:husk":2,"minecraft:creeper":1,"minecraft:spider":1,"mowziesmobs:umvuthi":2,"minecraft:skeleton":1},"minecraft:used":{"biomeswevegone:clover_patch":1,"minecraft:stone_sword":40,"minecraft:chest":2,"minecraft:iron_chestplate":1,"minecraft:torch":15,"minecraft:mutton":3,"simplyswords:iron_katana":186,"minecraft:granite":6,"minecraft:wooden_axe":27,"minecraft:bricks":3,"minecraft:iron_axe":191,"minecraft:brick_stairs":2,"minecraft:stone_brick_stairs":2,"minecraft:beef":5,"minecraft:furnace":3,"minecraft:cobbled_deepslate":46,"minecraft:oak_planks":7,"minecraft:stone_pickaxe":111,"minecraft:jungle_fence":2,"minecraft:wooden_pickaxe":8,"minecraft:crafting_table":8,"minecraft:blast_furnace":2,"minecraft:cake":2,"minecraft:diamond_pickaxe":31,"minecraft:bread":68,"minecraft:melon_slice":5,"minecraft:iron_pickaxe":236,"dynamictrees:acacia_seed":4,"simplyswords:gold_cutlass":32,"minecraft:stone_axe":19,"minecraft:cobblestone":15,"minecraft:potion":1,"minecraft:birch_log":34,"minecraft:andesite":2,"minecraft:bucket":17,"minecraft:pumpkin_pie":3},"minecraft:picked_up":{"minecraft:charcoal":2,"minecraft:crafting_table":12,"simplyswords:gold_cutlass":1,"minecraft:wooden_pickaxe":1,"minecraft:potion":11,"minecraft:stone_brick_stairs":3,"minecraft:string":10,"minecraft:item_frame":5,"minecraft:compass":1,"minecraft:cobbled_deepslate":88,"minecraft:smooth_stone":1,"bosses_of_mass_destruction:soul_star":1,"minecraft:bucket":3,"minecraft:beef":32,"dynamictrees:oak_seed":50,"minecraft:spruce_slab":2,"minecraft:sugar_cane":10,"minecraft:melon_slice":47,"minecraft:coal_block":12,"minecraft:chest":1,"minecraft:furnace":4,"minecraft:stick":139,"minecraft:raw_iron":141,"minecraft:stone":5,"minecraft:copper_ingot":8,"minecraft:torch":19,"minecraft:acacia_log":8,"minecraft:brick_wall":1,"minecraft:porkchop":39,"minecraft:cake":1,"minecraft:carrot":81,"minecraft:redstone":9,"minecraft:stone_sword":2,"minecraft:arrow":20,"minecraft:rotten_flesh":122,"biomeswevegone:bistort":1,"minecraft:pumpkin_pie":6,"minecraft:hay_block":38,"minecraft:glistering_melon_slice":3,"minecraft:gold_ingot":13,"minecraft:brick_stairs":2,"minecraft:mutton":17,"minecraft:white_wool":10,"minecraft:cobblestone":116,"minecraft:birch_log":182,"minecraft:lilac":3,"minecraft:glow_ink_sac":3,"minecraft:andesite":6,"minecraft:black_bed":1,"minecraft:leather":20,"minecraft:jungle_fence":4,"minecraft:potato":2,"minecraft:tuff":1,"minecraft:oak_log":54,"minecraft:gunpowder":5,"minecraft:cobblestone_stairs":1,"minecraft:paper":42,"minecraft:dirt":30,"biomeswevegone:clover_patch":4,"minecraft:white_banner":16,"minecraft:bone":24,"minecraft:apple":5,"minecraft:stonecutter":1,"minecraft:wheat_seeds":11,"minecraft:raw_gold":20,"dynamictrees:birch_seed":7,"minecraft:iron_ingot":17,"minecraft:stone_pickaxe":3,"minecraft:glass_bottle":2,"minecraft:oak_planks":121,"minecraft:stone_brick_slab":3,"minecraft:sand":13,"dynamictrees:acacia_seed":4,"minecraft:red_banner":2,"minecraft:blast_furnace":6,"alexsmobs:animal_dictionary":1,"minecraft:mossy_cobblestone":1,"minecraft:diamond":12,"minecraft:stone_axe":3,"minecraft:granite":6,"minecraft:mossy_cobblestone_stairs":1,"minecraft:bread":300,"mowziesmobs:umvuthana_mask_fear":2,"alexsmobs:maggot":2,"minecraft:rooted_dirt":6,"minecraft:oak_sapling":13,"minecraft:bricks":3,"minecraft:coal":162,"minecraft:sunflower":1},"minecraft:killed":{"minecraft:spider":2,"minecraft:skeleton":26,"mowziesmobs:umvuthana_crane":4,"minecraft:drowned":1,"mowziesmobs:umvuthana":7,"minecraft:husk":32,"minecraft:pig":6,"graveyard:ghoul":1,"minecraft:creeper":5,"minecraft:sheep":10,"minecraft:zombie":25,"alexsmobs:gazelle":2,"minecraft:cow":15},"minecraft:crafted":{"minecraft:smooth_stone":6,"minecraft:oak_planks":48,"simplyswords:iron_katana":1,"minecraft:furnace":3,"minecraft:blast_furnace":1,"sophisticatedbackpacks:crafting_upgrade":1,"sophisticatedbackpacks:smelting_upgrade":1,"minecraft:glass":13,"minecraft:iron_boots":1,"sophisticatedbackpacks:copper_backpack":1,"sophisticatedbackpacks:tank_upgrade":1,"minecraft:iron_axe":1,"minecraft:stone_pickaxe":1,"minecraft:chest":2,"sophisticatedbackpacks:iron_backpack":1,"minecraft:wheat":288,"minecraft:cooked_porkchop":9,"minecraft:crafting_table":1,"minecraft:wooden_pickaxe":1,"minecraft:iron_helmet":1,"sophisticatedbackpacks:gold_backpack":1,"minecraft:stone_axe":1,"sophisticatedbackpacks:upgrade_base":5,"minecraft:bread":96,"minecraft:air":0,"minecraft:iron_chestplate":1,"minecraft:diamond_pickaxe":1,"sophisticatedbackpacks:diamond_backpack":1,"minecraft:iron_pickaxe":1,"minecraft:iron_ingot":109,"sophisticatedbackpacks:stonecutter_upgrade":1,"minecraft:wooden_axe":1,"minecraft:stone_sword":1,"minecraft:iron_leggings":1,"sophisticatedbackpacks:smoking_upgrade":1,"sophisticatedbackpacks:blasting_upgrade":1,"minecraft:torch":4},"minecraft:custom":{"minecraft:mob_kills":143,"minecraft:interact_with_crafting_table":36,"minecraft:open_barrel":17,"minecraft:damage_dealt_resisted":124,"minecraft:eat_cake_slice":6,"minecraft:leave_game":6,"minecraft:time_since_death":174,"minecraft:climb_one_cm":7611,"minecraft:sprint_one_cm":667048,"minecraft:walk_one_cm":227626,"minecraft:drop":23,"minecraft:play_noteblock":2,"minecraft:damage_dealt_absorbed":100,"minecraft:talked_to_villager":2,"minecraft:play_time":212461,"minecraft:sneak_time":2238,"minecraft:deaths":9,"minecraft:walk_under_water_one_cm":9254,"minecraft:interact_with_lectern":1,"minecraft:jump":2810,"minecraft:interact_with_blast_furnace":39,"minecraft:walk_on_water_one_cm":30738,"minecraft:total_world_time":212461,"minecraft:interact_with_furnace":28,"minecraft:tune_noteblock":8,"minecraft:interact_with_loom":2,"minecraft:interact_with_stonecutter":1,"minecraft:sleep_in_bed":1,"minecraft:time_since_rest":199,"minecraft:damage_taken":5417,"minecraft:damage_dealt":30887,"minecraft:swim_one_cm":25910,"minecraft:fly_one_cm":1000050,"minecraft:open_chest":41,"minecraft:crouch_one_cm":2243,"minecraft:fall_one_cm":85035},"minecraft:broken":{"simplyswords:gold_cutlass":1},"minecraft:dropped":{"minecraft:water_bucket":1,"minecraft:bread":31,"dynamictrees:birch_seed":7,"minecraft:glass_bottle":1,"minecraft:crafting_table":1,"minecraft:jungle_fence":2,"minecraft:acacia_log":8,"minecraft:wooden_axe":1,"minecraft:paper":16,"minecraft:bucket":11,"minecraft:bone":1,"alexsmobs:maggot":2,"minecraft:stone_sword":1,"alexscaves:cave_tablet":8,"minecraft:rotten_flesh":42,"alexscaves:cave_book":1,"minecraft:oak_sapling":13,"minecraft:arrow":5,"minecraft:wooden_pickaxe":1,"minecraft:stone_brick_stairs":1},"minecraft:mined":{"minecraft:tuff":1,"minecraft:mossy_cobblestone":1,"minecraft:deepslate_diamond_ore":11,"minecraft:cobblestone_stairs":1,"minecraft:granite":6,"minecraft:allium":1,"minecraft:brick_stairs":2,"minecraft:coal_block":5,"minecraft:spawner":3,"biomeswevegone:yellow_birch_leaves":1,"minecraft:hay_block":38,"minecraft:furnace":4,"minecraft:mossy_cobblestone_stairs":1,"minecraft:iron_ore":71,"minecraft:andesite":6,"minecraft:deepslate_iron_ore":53,"minecraft:stone":58,"minecraft:deepslate_redstone_ore":2,"minecraft:lily_of_the_valley":1,"minecraft:brick_wall":1,"minecraft:stone_brick_slab":1,"minecraft:red_banner":1,"minecraft:crafting_table":9,"minecraft:torch":3,"minecraft:blast_furnace":3,"minecraft:melon":4,"minecraft:campfire":1,"minecraft:tall_grass":1,"minecraft:deepslate_gold_ore":15,"minecraft:sugar_cane":4,"minecraft:oak_planks":7,"minecraft:bricks":3,"minecraft:wall_torch":7,"minecraft:birch_log":101,"minecraft:lilac":1,"minecraft:jungle_fence":2,"minecraft:black_bed":1,"minecraft:stone_brick_stairs":2,"minecraft:grass":22,"minecraft:oak_log":1,"minecraft:coal_ore":44,"minecraft:sunflower":1,"minecraft:sand":13,"minecraft:cobweb":1,"minecraft:small_dripleaf":1,"minecraft:stonecutter":1,"minecraft:gold_ore":5,"minecraft:oak_leaves":1,"minecraft:deepslate":78}},"DataVersion":3465}