{"stats":{"minecraft:custom":{"minecraft:time_since_rest":5036,"minecraft:leave_game":4,"minecraft:play_time":5036,"minecraft:sprint_one_cm":8941,"minecraft:time_since_death":5036,"minecraft:walk_one_cm":2710,"minecraft:sneak_time":8,"minecraft:total_world_time":5036,"minecraft:fall_one_cm":2264,"minecraft:drop":1,"minecraft:fly_one_cm":16589,"minecraft:jump":55},"minecraft:dropped":{"minecraft:wheat_seeds":1},"minecraft:mined":{"minecraft:grass":1,"minecraft:acacia_log":8,"minecraft:acacia_leaves":3},"minecraft:picked_up":{"minecraft:wheat_seeds":2,"minecraft:acacia_log":8},"minecraft:crafted":{"minecraft:acacia_planks":32,"minecraft:crafting_table":1,"minecraft:stick":4}},"DataVersion":3465}