{"stats":{"minecraft:killed_by":{"minecraft:husk":2},"minecraft:used":{"minecraft:stone_sword":40,"minecraft:stone_pickaxe":66,"minecraft:wooden_pickaxe":8,"minecraft:torch":1,"minecraft:crafting_table":5,"minecraft:wooden_axe":27,"minecraft:bread":11,"minecraft:melon_slice":5,"minecraft:stone_axe":18,"minecraft:potion":1},"minecraft:picked_up":{"minecraft:crafting_table":7,"minecraft:lilac":3,"minecraft:potato":1,"minecraft:potion":6,"minecraft:oak_log":36,"minecraft:gunpowder":3,"minecraft:string":3,"minecraft:paper":42,"minecraft:compass":1,"minecraft:item_frame":4,"minecraft:bone":6,"minecraft:wheat_seeds":10,"minecraft:bucket":2,"minecraft:stone_pickaxe":2,"dynamictrees:oak_seed":30,"minecraft:glass_bottle":2,"minecraft:melon_slice":33,"minecraft:coal_block":6,"minecraft:oak_planks":76,"minecraft:stick":43,"minecraft:raw_iron":18,"minecraft:stone_brick_slab":3,"minecraft:torch":6,"minecraft:porkchop":27,"minecraft:cake":1,"minecraft:blast_furnace":3,"minecraft:carrot":44,"alexsmobs:animal_dictionary":1,"minecraft:stone_sword":2,"minecraft:arrow":3,"minecraft:rotten_flesh":101,"minecraft:stone_axe":2,"minecraft:pumpkin_pie":3,"minecraft:hay_block":32,"minecraft:bread":183,"minecraft:mutton":3,"minecraft:coal":70,"minecraft:cobblestone":80},"minecraft:killed":{"minecraft:husk":32,"minecraft:pig":5,"graveyard:ghoul":1,"minecraft:creeper":1,"minecraft:skeleton":2,"minecraft:zombie":2,"alexsmobs:gazelle":2,"minecraft:drowned":1},"minecraft:crafted":{"minecraft:oak_planks":48,"minecraft:crafting_table":1,"minecraft:wooden_pickaxe":1,"minecraft:stone_axe":1,"minecraft:bread":96,"minecraft:stone_pickaxe":1,"minecraft:wooden_axe":1,"minecraft:stone_sword":1,"minecraft:torch":4,"minecraft:wheat":288},"minecraft:custom":{"minecraft:mob_kills":48,"minecraft:interact_with_crafting_table":5,"minecraft:open_barrel":4,"minecraft:leave_game":5,"minecraft:time_since_death":2620,"minecraft:time_since_rest":2648,"minecraft:sprint_one_cm":147393,"minecraft:damage_taken":1230,"minecraft:walk_one_cm":63133,"minecraft:drop":4,"minecraft:damage_dealt":15191,"minecraft:talked_to_villager":2,"minecraft:fly_one_cm":224193,"minecraft:open_chest":3,"minecraft:crouch_one_cm":4,"minecraft:play_time":62178,"minecraft:deaths":2,"minecraft:sneak_time":341,"minecraft:jump":423,"minecraft:interact_with_blast_furnace":2,"minecraft:walk_on_water_one_cm":1173,"minecraft:total_world_time":62178,"minecraft:fall_one_cm":3926},"minecraft:dropped":{"minecraft:glass_bottle":1,"minecraft:rotten_flesh":38,"minecraft:wooden_axe":1,"minecraft:wooden_pickaxe":1},"minecraft:mined":{"minecraft:stone_brick_slab":1,"minecraft:crafting_table":5,"minecraft:blast_furnace":1,"minecraft:melon":4,"minecraft:coal_block":2,"minecraft:spawner":1,"minecraft:hay_block":32,"minecraft:iron_ore":9,"minecraft:lilac":1,"minecraft:grass":8,"minecraft:oak_log":1,"minecraft:coal_ore":24,"minecraft:stone":33,"minecraft:oak_leaves":1}},"DataVersion":3465}