{"stats":{"minecraft:used":{"minecraft:wooden_axe":27,"minecraft:stone_pickaxe":13,"minecraft:melon_slice":5,"minecraft:bread":6,"minecraft:wooden_pickaxe":8,"minecraft:stone_axe":2,"minecraft:crafting_table":4},"minecraft:picked_up":{"minecraft:stick":21,"minecraft:crafting_table":4,"minecraft:stone_brick_slab":1,"minecraft:porkchop":9,"minecraft:oak_log":20,"minecraft:gunpowder":1,"minecraft:string":1,"minecraft:bone":2,"minecraft:arrow":1,"minecraft:rotten_flesh":3,"minecraft:wheat_seeds":5,"minecraft:hay_block":32,"dynamictrees:oak_seed":10,"minecraft:melon_slice":19,"minecraft:mutton":1,"minecraft:cobblestone":19},"minecraft:crafted":{"minecraft:oak_planks":48,"minecraft:crafting_table":1,"minecraft:wooden_pickaxe":1,"minecraft:stone_pickaxe":1,"minecraft:wooden_axe":1,"minecraft:stone_sword":1,"minecraft:stone_axe":1,"minecraft:bread":96,"minecraft:wheat":288},"minecraft:killed":{"minecraft:skeleton":1,"minecraft:zombie":1,"minecraft:pig":5,"graveyard:ghoul":1,"alexsmobs:gazelle":2,"minecraft:drowned":1,"minecraft:creeper":1},"minecraft:custom":{"minecraft:time_since_rest":50178,"minecraft:sprint_one_cm":111538,"minecraft:damage_taken":305,"minecraft:walk_one_cm":26929,"minecraft:mob_kills":14,"minecraft:drop":2,"minecraft:damage_dealt":2012,"minecraft:talked_to_villager":2,"minecraft:interact_with_crafting_table":5,"minecraft:fly_one_cm":203449,"minecraft:open_chest":3,"minecraft:play_time":50178,"minecraft:sneak_time":317,"minecraft:jump":295,"minecraft:leave_game":5,"minecraft:walk_on_water_one_cm":1101,"minecraft:time_since_death":50178,"minecraft:total_world_time":50178,"minecraft:fall_one_cm":2419},"minecraft:dropped":{"minecraft:wooden_axe":1,"minecraft:wooden_pickaxe":1},"minecraft:mined":{"minecraft:hay_block":32,"minecraft:stone_brick_slab":1,"minecraft:crafting_table":4,"minecraft:grass":7,"minecraft:oak_log":1,"minecraft:melon":4,"minecraft:stone":19,"minecraft:oak_leaves":1}},"DataVersion":3465}