{"stats":{"minecraft:used":{"minecraft:wooden_axe":14,"minecraft:stone_pickaxe":108,"minecraft:wooden_pickaxe":33,"minecraft:stone_axe":22,"minecraft:torch":20,"minecraft:cobblestone":2,"minecraft:crafting_table":3,"minecraft:furnace":1,"alexsmobs:animal_dictionary":2,"minecraft:cooked_beef":1,"minecraft:granite":6},"minecraft:picked_up":{"minecraft:birch_log":21,"minecraft:stick":4,"minecraft:crafting_table":3,"minecraft:pumpkin":12,"minecraft:leather":2,"minecraft:birch_planks":26,"minecraft:string":1,"minecraft:spider_eye":1,"minecraft:dirt":7,"minecraft:rotten_flesh":2,"minecraft:beef":3,"minecraft:granite":6,"dynamictrees:birch_seed":5,"minecraft:coal":85,"minecraft:cobblestone":46,"minecraft:furnace":1},"minecraft:killed":{"minecraft:spider":2,"minecraft:cow":1},"minecraft:crafted":{"minecraft:cooked_beef":3,"minecraft:crafting_table":1,"minecraft:stick":16,"minecraft:wooden_pickaxe":1,"minecraft:stone_pickaxe":1,"minecraft:wooden_axe":1,"minecraft:furnace":1,"minecraft:torch":40,"minecraft:birch_planks":42,"minecraft:stone_axe":1},"minecraft:custom":{"minecraft:time_since_rest":17369,"minecraft:sprint_one_cm":29114,"minecraft:interact_with_furnace":3,"minecraft:damage_taken":100,"minecraft:walk_one_cm":53977,"minecraft:mob_kills":3,"minecraft:drop":2,"minecraft:damage_dealt":492,"minecraft:swim_one_cm":3509,"minecraft:interact_with_crafting_table":5,"minecraft:fly_one_cm":7768,"minecraft:open_chest":2,"minecraft:play_time":17369,"minecraft:walk_under_water_one_cm":2031,"minecraft:jump":208,"minecraft:walk_on_water_one_cm":2227,"minecraft:time_since_death":17369,"minecraft:total_world_time":17369,"minecraft:fall_one_cm":1641},"minecraft:dropped":{"minecraft:wooden_axe":1,"minecraft:wooden_pickaxe":1},"minecraft:mined":{"biomeswevegone:yellow_birch_leaves":1,"minecraft:furnace":1,"minecraft:birch_log":11,"minecraft:pumpkin":12,"minecraft:crafting_table":3,"minecraft:granite":6,"minecraft:grass":3,"minecraft:grass_block":5,"minecraft:coal_ore":85,"minecraft:dirt":2,"minecraft:cobblestone":1,"minecraft:tall_grass":1,"minecraft:stone":45}},"DataVersion":3465}